,city,city_development_index,gender,relevent_experience,enrolled_university,education_level,major_discipline,experience,company_size,company_type,last_new_job,training_hours,target,correct_model
0,103.0,0.92,0.0,1.0,0.0,2.0,0.0,10.0,10.0,3.0,4.0,28.0,0.0,logistic_regression
1,150.0,0.698,0.0,0.0,0.0,2.0,0.0,9.0,2463.0,3.0,4.0,64.0,1.0,random_forest
2,21.0,0.624,0.0,0.0,2.0,1.0,0.0,5.0,1739.0,3.0,0.0,14.0,1.0,random_forest
3,103.0,0.92,0.0,1.0,0.0,2.0,0.0,10.0,1.0,3.0,2.0,41.0,0.0,logistic_regression
4,21.0,0.624,2.0,1.0,0.0,3.0,0.0,21.0,2687.0,2.0,5.0,58.0,0.0,logistic_regression
5,127.0,0.745,0.0,0.0,0.0,3.0,0.0,6.0,2473.0,3.0,1.0,80.0,1.0,random_forest
6,16.0,0.91,0.0,0.0,2.0,2.0,0.0,9.0,2600.0,3.0,1.0,23.0,1.0,random_forest
7,21.0,0.624,0.0,1.0,0.0,2.0,0.0,5.0,10000.0,3.0,2.0,29.0,1.0,random_forest
8,24.0,0.698,0.0,1.0,2.0,3.0,0.0,3.0,50.0,4.0,2.0,45.0,0.0,random_forest
9,103.0,0.92,0.0,0.0,1.0,1.0,0.0,3.0,2025.0,3.0,1.0,24.0,1.0,random_forest
10,103.0,0.92,2.0,1.0,0.0,2.0,0.0,8.0,2113.0,2.0,0.0,50.0,1.0,random_forest
11,21.0,0.624,0.0,1.0,0.0,2.0,0.0,15.0,10000.0,3.0,0.0,17.0,0.0,logistic_regression
12,160.0,0.92,0.0,1.0,0.0,2.0,0.0,18.0,1942.0,2.0,1.0,198.0,1.0,random_forest
13,21.0,0.624,0.0,0.0,0.0,2.0,0.0,1.0,2190.0,3.0,1.0,56.0,1.0,random_forest
14,160.0,0.92,0.0,1.0,0.0,3.0,0.0,21.0,2453.0,3.0,5.0,55.0,0.0,logistic_regression
15,160.0,0.92,1.0,0.0,2.0,2.0,0.0,9.0,2214.0,3.0,1.0,12.0,0.0,logistic_regression
16,101.0,0.5579999999999999,0.0,0.0,2.0,2.0,0.0,2.0,1448.0,3.0,0.0,46.0,0.0,random_forest
17,103.0,0.92,0.0,1.0,0.0,3.0,0.0,15.0,2725.0,3.0,5.0,42.0,1.0,random_forest
18,21.0,0.624,0.0,1.0,0.0,3.0,0.0,9.0,10000.0,3.0,1.0,7.0,1.0,random_forest
19,21.0,0.624,0.0,1.0,2.0,2.0,0.0,7.0,100.0,3.0,2.0,12.0,0.0,logistic_regression
20,21.0,0.624,0.0,0.0,1.0,4.0,0.0,8.0,10.0,3.0,4.0,34.0,0.0,random_forest
21,21.0,0.624,0.0,1.0,0.0,2.0,0.0,6.0,50.0,3.0,1.0,43.0,0.0,logistic_regression
22,83.0,0.923,0.0,0.0,0.0,3.0,3.0,1.0,2364.0,3.0,1.0,74.0,1.0,random_forest
23,160.0,0.92,0.0,0.0,2.0,2.0,0.0,4.0,2147.0,3.0,0.0,38.0,1.0,random_forest
24,21.0,0.624,0.0,0.0,2.0,1.0,0.0,1.0,1691.0,3.0,0.0,9.0,1.0,random_forest
25,11.0,0.55,0.0,1.0,0.0,2.0,0.0,6.0,1.0,3.0,2.0,138.0,0.0,logistic_regression
26,103.0,0.92,0.0,1.0,0.0,2.0,5.0,21.0,1648.0,2.0,1.0,51.0,1.0,random_forest
27,21.0,0.624,0.0,1.0,0.0,2.0,0.0,14.0,500.0,3.0,1.0,4.0,0.0,logistic_regression
28,103.0,0.92,0.0,0.0,2.0,1.0,0.0,10.0,2140.0,3.0,1.0,32.0,1.0,random_forest
29,21.0,0.624,0.0,1.0,2.0,2.0,0.0,6.0,10000.0,3.0,1.0,82.0,1.0,logistic_regression
30,145.0,0.555,2.0,0.0,1.0,2.0,0.0,3.0,50.0,3.0,1.0,12.0,1.0,logistic_regression
31,103.0,0.92,0.0,1.0,0.0,2.0,0.0,14.0,2448.0,3.0,5.0,25.0,1.0,random_forest
32,21.0,0.624,0.0,0.0,0.0,2.0,0.0,0.0,10000.0,3.0,1.0,16.0,1.0,logistic_regression
33,103.0,0.92,0.0,0.0,2.0,2.0,0.0,10.0,2638.0,3.0,3.0,78.0,1.0,random_forest
34,21.0,0.624,0.0,0.0,2.0,2.0,0.0,4.0,1809.0,3.0,0.0,160.0,0.0,random_forest
35,160.0,0.92,0.0,1.0,0.0,2.0,0.0,8.0,1901.0,2.0,2.0,20.0,1.0,random_forest
36,21.0,0.624,0.0,1.0,0.0,2.0,0.0,10.0,10000.0,3.0,5.0,166.0,1.0,random_forest
37,103.0,0.92,0.0,1.0,2.0,2.0,0.0,14.0,2398.0,3.0,5.0,96.0,1.0,random_forest
38,21.0,0.624,0.0,1.0,0.0,2.0,0.0,4.0,50.0,2.0,1.0,7.0,0.0,logistic_regression
39,21.0,0.624,0.0,1.0,0.0,3.0,0.0,4.0,100.0,2.0,2.0,52.0,1.0,random_forest
40,162.0,0.767,0.0,0.0,2.0,3.0,0.0,9.0,100.0,5.0,5.0,24.0,1.0,logistic_regression
41,160.0,0.92,1.0,0.0,0.0,2.0,0.0,4.0,2477.0,3.0,1.0,28.0,1.0,random_forest
42,103.0,0.92,0.0,1.0,0.0,2.0,0.0,6.0,2078.0,2.0,3.0,6.0,1.0,random_forest
43,21.0,0.624,0.0,1.0,0.0,3.0,0.0,6.0,10000.0,3.0,2.0,139.0,0.0,random_forest
44,21.0,0.624,0.0,1.0,0.0,2.0,0.0,8.0,10000.0,5.0,0.0,9.0,1.0,random_forest
45,21.0,0.624,0.0,1.0,0.0,2.0,0.0,8.0,10000.0,3.0,1.0,48.0,1.0,random_forest
46,103.0,0.92,0.0,0.0,1.0,2.0,0.0,5.0,2234.0,3.0,0.0,178.0,1.0,random_forest
47,21.0,0.624,0.0,1.0,0.0,2.0,0.0,8.0,100.0,3.0,0.0,66.0,1.0,random_forest
48,21.0,0.624,0.0,1.0,0.0,2.0,0.0,0.0,50.0,1.0,1.0,36.0,1.0,random_forest
49,21.0,0.624,0.0,1.0,0.0,2.0,0.0,5.0,10000.0,3.0,1.0,24.0,1.0,random_forest
50,21.0,0.624,0.0,1.0,0.0,2.0,0.0,6.0,10000.0,3.0,2.0,32.0,0.0,logistic_regression
51,10.0,0.895,2.0,0.0,2.0,3.0,0.0,3.0,2849.0,3.0,2.0,105.0,0.0,logistic_regression
52,160.0,0.92,0.0,0.0,0.0,2.0,0.0,19.0,2948.0,3.0,4.0,21.0,1.0,random_forest
53,21.0,0.624,0.0,1.0,0.0,3.0,0.0,7.0,100.0,3.0,5.0,111.0,1.0,random_forest
54,21.0,0.624,0.0,1.0,0.0,2.0,0.0,11.0,50.0,1.0,1.0,206.0,1.0,random_forest
55,21.0,0.624,0.0,1.0,0.0,2.0,0.0,3.0,10000.0,3.0,0.0,63.0,0.0,logistic_regression
56,21.0,0.624,0.0,1.0,0.0,2.0,0.0,1.0,50.0,3.0,1.0,27.0,1.0,random_forest
57,21.0,0.624,0.0,1.0,0.0,2.0,0.0,12.0,50.0,3.0,1.0,77.0,1.0,random_forest
58,16.0,0.91,0.0,0.0,2.0,2.0,0.0,1.0,2423.0,3.0,0.0,42.0,1.0,random_forest
59,103.0,0.92,0.0,0.0,2.0,1.0,0.0,3.0,1949.0,3.0,1.0,126.0,1.0,random_forest
60,13.0,0.8270000000000001,0.0,0.0,2.0,2.0,0.0,5.0,2402.0,3.0,1.0,77.0,1.0,random_forest
61,21.0,0.624,0.0,1.0,0.0,3.0,0.0,9.0,100.0,3.0,2.0,43.0,0.0,logistic_regression
62,103.0,0.92,0.0,0.0,2.0,2.0,0.0,9.0,2318.0,3.0,0.0,78.0,1.0,random_forest
63,21.0,0.624,0.0,1.0,0.0,2.0,0.0,7.0,10000.0,3.0,4.0,92.0,1.0,random_forest
64,103.0,0.92,0.0,1.0,0.0,2.0,0.0,21.0,2287.0,2.0,2.0,27.0,1.0,random_forest
65,21.0,0.624,0.0,1.0,0.0,2.0,0.0,2.0,5000.0,3.0,2.0,7.0,0.0,logistic_regression
66,160.0,0.92,0.0,1.0,1.0,2.0,0.0,6.0,1702.0,2.0,1.0,43.0,1.0,random_forest
67,57.0,0.866,0.0,0.0,1.0,2.0,0.0,3.0,2795.0,3.0,5.0,16.0,1.0,random_forest
68,21.0,0.624,0.0,0.0,1.0,2.0,5.0,5.0,10.0,1.0,3.0,37.0,0.0,logistic_regression
69,103.0,0.92,0.0,1.0,0.0,2.0,0.0,21.0,2278.0,2.0,2.0,47.0,1.0,random_forest
70,103.0,0.92,1.0,0.0,0.0,4.0,3.0,7.0,2970.0,3.0,2.0,43.0,1.0,random_forest
71,21.0,0.624,0.0,1.0,2.0,3.0,0.0,3.0,50.0,1.0,2.0,60.0,0.0,random_forest
72,21.0,0.624,0.0,1.0,0.0,2.0,0.0,4.0,5000.0,3.0,0.0,25.0,1.0,random_forest
73,103.0,0.92,0.0,0.0,0.0,2.0,3.0,3.0,2162.0,3.0,2.0,72.0,1.0,random_forest
74,136.0,0.897,0.0,0.0,0.0,2.0,0.0,4.0,2251.0,3.0,0.0,2.0,1.0,random_forest
75,160.0,0.92,0.0,0.0,0.0,2.0,0.0,21.0,2490.0,3.0,2.0,32.0,0.0,logistic_regression
76,128.0,0.527,0.0,1.0,0.0,2.0,0.0,4.0,50.0,3.0,4.0,36.0,1.0,random_forest
77,21.0,0.624,0.0,0.0,0.0,3.0,0.0,9.0,5000.0,3.0,1.0,62.0,0.0,logistic_regression
78,103.0,0.92,0.0,0.0,2.0,2.0,0.0,4.0,2334.0,3.0,1.0,34.0,1.0,random_forest
79,21.0,0.624,0.0,1.0,0.0,2.0,0.0,9.0,5000.0,3.0,1.0,21.0,1.0,random_forest
80,145.0,0.555,0.0,0.0,2.0,2.0,0.0,4.0,1547.0,3.0,1.0,22.0,0.0,random_forest
81,103.0,0.92,0.0,0.0,2.0,2.0,0.0,8.0,2393.0,3.0,1.0,88.0,1.0,random_forest
82,103.0,0.92,0.0,0.0,2.0,2.0,0.0,6.0,2394.0,3.0,1.0,46.0,1.0,random_forest
83,21.0,0.624,0.0,1.0,2.0,2.0,0.0,4.0,100.0,3.0,2.0,43.0,0.0,random_forest
84,21.0,0.624,0.0,0.0,0.0,1.0,0.0,7.0,1826.0,2.0,0.0,136.0,1.0,random_forest
85,103.0,0.92,0.0,0.0,2.0,2.0,0.0,1.0,2264.0,3.0,1.0,53.0,1.0,random_forest
86,16.0,0.91,0.0,0.0,0.0,2.0,0.0,6.0,2537.0,3.0,0.0,14.0,1.0,random_forest
87,16.0,0.91,0.0,0.0,0.0,2.0,0.0,2.0,2465.0,3.0,0.0,50.0,1.0,random_forest
88,155.0,0.556,0.0,0.0,0.0,2.0,0.0,1.0,50.0,3.0,1.0,290.0,1.0,random_forest
89,21.0,0.624,0.0,1.0,0.0,2.0,0.0,4.0,10000.0,3.0,2.0,29.0,1.0,random_forest
90,21.0,0.624,0.0,1.0,0.0,2.0,0.0,9.0,50.0,2.0,1.0,17.0,0.0,logistic_regression
91,83.0,0.923,1.0,1.0,0.0,2.0,5.0,10.0,1943.0,3.0,5.0,160.0,1.0,random_forest
92,21.0,0.624,0.0,1.0,0.0,2.0,0.0,15.0,500.0,3.0,2.0,8.0,0.0,logistic_regression
93,21.0,0.624,0.0,1.0,0.0,3.0,0.0,8.0,10000.0,3.0,1.0,36.0,1.0,random_forest
94,103.0,0.92,0.0,1.0,0.0,3.0,5.0,21.0,2034.0,3.0,5.0,14.0,0.0,logistic_regression
95,21.0,0.624,0.0,1.0,0.0,2.0,0.0,6.0,100.0,3.0,0.0,36.0,1.0,random_forest
96,21.0,0.624,0.0,1.0,2.0,2.0,0.0,6.0,500.0,3.0,0.0,12.0,0.0,logistic_regression
97,103.0,0.92,0.0,1.0,0.0,2.0,0.0,20.0,2557.0,3.0,5.0,26.0,1.0,random_forest
98,21.0,0.624,0.0,0.0,2.0,1.0,0.0,1.0,1843.0,3.0,0.0,45.0,1.0,random_forest
99,21.0,0.624,0.0,0.0,2.0,1.0,0.0,1.0,1664.0,3.0,0.0,104.0,1.0,random_forest
100,37.0,0.794,0.0,0.0,2.0,2.0,0.0,7.0,2377.0,3.0,1.0,77.0,1.0,random_forest
101,101.0,0.5579999999999999,0.0,1.0,0.0,2.0,0.0,4.0,1.0,3.0,1.0,80.0,0.0,logistic_regression
102,21.0,0.624,1.0,1.0,0.0,2.0,0.0,4.0,1807.0,2.0,2.0,158.0,1.0,random_forest
103,21.0,0.624,0.0,1.0,2.0,3.0,0.0,13.0,50.0,2.0,1.0,24.0,1.0,random_forest
104,91.0,0.691,0.0,1.0,2.0,2.0,0.0,6.0,1511.0,2.0,1.0,60.0,1.0,random_forest
105,21.0,0.624,0.0,1.0,0.0,3.0,0.0,8.0,100.0,3.0,5.0,36.0,1.0,random_forest
106,103.0,0.92,1.0,1.0,0.0,2.0,0.0,13.0,2133.0,2.0,1.0,109.0,1.0,random_forest
107,12.0,0.64,0.0,0.0,0.0,3.0,0.0,6.0,10000.0,3.0,1.0,59.0,0.0,random_forest
108,136.0,0.897,0.0,0.0,2.0,3.0,0.0,7.0,2506.0,3.0,0.0,44.0,1.0,random_forest
109,21.0,0.624,1.0,0.0,2.0,2.0,0.0,5.0,10.0,1.0,1.0,32.0,0.0,random_forest
110,160.0,0.92,0.0,1.0,0.0,2.0,0.0,19.0,2094.0,2.0,2.0,96.0,1.0,random_forest
111,103.0,0.92,0.0,1.0,0.0,2.0,0.0,11.0,2049.0,2.0,2.0,78.0,1.0,random_forest
112,21.0,0.624,0.0,0.0,0.0,1.0,0.0,0.0,1989.0,2.0,0.0,13.0,1.0,random_forest
113,67.0,0.855,0.0,0.0,2.0,2.0,0.0,10.0,2440.0,3.0,1.0,58.0,1.0,random_forest
114,173.0,0.878,0.0,0.0,0.0,3.0,0.0,1.0,2517.0,3.0,1.0,18.0,1.0,random_forest
115,11.0,0.55,0.0,1.0,1.0,2.0,0.0,2.0,10.0,2.0,1.0,41.0,0.0,logistic_regression
116,128.0,0.527,0.0,1.0,0.0,2.0,5.0,13.0,928.0,2.0,1.0,146.0,1.0,random_forest
117,103.0,0.92,1.0,1.0,0.0,2.0,0.0,21.0,2551.0,3.0,5.0,56.0,0.0,logistic_regression
118,21.0,0.624,0.0,1.0,0.0,2.0,0.0,3.0,100.0,3.0,1.0,44.0,0.0,logistic_regression
119,103.0,0.92,0.0,0.0,1.0,2.0,0.0,10.0,2534.0,3.0,1.0,16.0,1.0,random_forest
120,160.0,0.92,0.0,1.0,0.0,3.0,0.0,21.0,2733.0,3.0,5.0,51.0,1.0,random_forest
121,123.0,0.738,1.0,0.0,0.0,4.0,0.0,2.0,5000.0,3.0,1.0,12.0,0.0,random_forest
122,165.0,0.903,0.0,0.0,0.0,2.0,0.0,5.0,2028.0,3.0,1.0,38.0,0.0,logistic_regression
123,11.0,0.55,0.0,1.0,0.0,2.0,0.0,3.0,100.0,5.0,1.0,136.0,1.0,random_forest
124,167.0,0.921,0.0,0.0,0.0,2.0,0.0,7.0,2262.0,3.0,0.0,44.0,1.0,random_forest
125,21.0,0.624,0.0,1.0,0.0,2.0,0.0,7.0,10000.0,3.0,1.0,123.0,0.0,logistic_regression
126,115.0,0.789,0.0,0.0,2.0,2.0,0.0,6.0,2402.0,3.0,3.0,22.0,1.0,random_forest
127,128.0,0.527,0.0,1.0,0.0,2.0,0.0,4.0,1307.0,2.0,1.0,40.0,1.0,random_forest
128,21.0,0.624,0.0,1.0,0.0,2.0,0.0,1.0,1.0,2.0,1.0,7.0,1.0,random_forest
129,103.0,0.92,0.0,1.0,0.0,2.0,0.0,21.0,2469.0,2.0,4.0,44.0,1.0,random_forest
130,21.0,0.624,0.0,1.0,0.0,2.0,4.0,4.0,50.0,3.0,4.0,11.0,0.0,logistic_regression
131,21.0,0.624,0.0,1.0,2.0,3.0,0.0,8.0,1000.0,3.0,1.0,149.0,0.0,random_forest
132,73.0,0.754,0.0,0.0,0.0,2.0,0.0,1.0,2217.0,3.0,1.0,120.0,1.0,random_forest
133,21.0,0.624,0.0,0.0,2.0,1.0,0.0,3.0,1868.0,3.0,0.0,53.0,1.0,random_forest
134,11.0,0.55,0.0,1.0,0.0,2.0,0.0,5.0,50.0,3.0,1.0,6.0,0.0,logistic_regression
135,53.0,0.74,0.0,1.0,1.0,2.0,0.0,14.0,1980.0,3.0,5.0,12.0,0.0,logistic_regression
136,160.0,0.92,0.0,0.0,2.0,3.0,0.0,14.0,2728.0,3.0,4.0,36.0,0.0,logistic_regression
137,103.0,0.92,0.0,1.0,0.0,2.0,0.0,21.0,2171.0,2.0,1.0,41.0,1.0,random_forest
138,83.0,0.923,0.0,0.0,2.0,2.0,0.0,4.0,2388.0,3.0,1.0,8.0,1.0,random_forest
139,21.0,0.624,0.0,1.0,0.0,1.0,0.0,9.0,50.0,3.0,5.0,6.0,0.0,logistic_regression
140,21.0,0.624,0.0,0.0,2.0,1.0,0.0,0.0,1678.0,3.0,0.0,26.0,1.0,random_forest
141,103.0,0.92,0.0,1.0,0.0,2.0,0.0,5.0,2121.0,2.0,4.0,88.0,1.0,random_forest
142,21.0,0.624,0.0,1.0,0.0,3.0,0.0,17.0,5000.0,3.0,5.0,67.0,1.0,random_forest
143,74.0,0.579,0.0,1.0,2.0,2.0,0.0,1.0,1.0,2.0,1.0,101.0,0.0,random_forest
144,103.0,0.92,0.0,1.0,0.0,2.0,1.0,21.0,2984.0,4.0,5.0,43.0,1.0,random_forest
145,76.0,0.698,0.0,1.0,1.0,3.0,0.0,7.0,2096.0,3.0,3.0,56.0,1.0,random_forest
146,103.0,0.92,0.0,1.0,0.0,3.0,0.0,11.0,2353.0,2.0,2.0,18.0,1.0,random_forest
147,74.0,0.579,0.0,1.0,1.0,2.0,0.0,6.0,100.0,1.0,1.0,17.0,1.0,random_forest
148,90.0,0.698,0.0,0.0,0.0,2.0,0.0,5.0,2200.0,3.0,1.0,60.0,1.0,random_forest
149,21.0,0.624,0.0,1.0,0.0,2.0,0.0,5.0,2008.0,2.0,4.0,50.0,1.0,random_forest
150,21.0,0.624,0.0,1.0,0.0,2.0,0.0,7.0,500.0,3.0,2.0,55.0,1.0,random_forest
151,78.0,0.579,0.0,0.0,1.0,1.0,0.0,0.0,1809.0,3.0,1.0,163.0,1.0,random_forest
152,21.0,0.624,0.0,0.0,0.0,2.0,0.0,10.0,10.0,3.0,1.0,33.0,1.0,random_forest
153,103.0,0.92,0.0,0.0,2.0,2.0,0.0,7.0,2396.0,3.0,2.0,262.0,1.0,random_forest
154,21.0,0.624,0.0,1.0,0.0,2.0,0.0,2.0,10000.0,3.0,2.0,28.0,0.0,logistic_regression
155,67.0,0.855,1.0,0.0,2.0,2.0,0.0,3.0,2192.0,3.0,1.0,21.0,0.0,logistic_regression
156,21.0,0.624,0.0,1.0,2.0,2.0,0.0,3.0,50.0,2.0,1.0,27.0,0.0,logistic_regression
157,21.0,0.624,0.0,1.0,0.0,2.0,0.0,4.0,50.0,3.0,0.0,18.0,1.0,random_forest
158,103.0,0.92,0.0,0.0,2.0,2.0,0.0,9.0,2554.0,3.0,5.0,46.0,0.0,logistic_regression
159,21.0,0.624,0.0,0.0,2.0,1.0,0.0,3.0,1727.0,3.0,0.0,25.0,1.0,random_forest
160,150.0,0.698,0.0,0.0,2.0,4.0,0.0,21.0,10000.0,4.0,5.0,3.0,0.0,random_forest
161,116.0,0.743,0.0,0.0,0.0,3.0,0.0,5.0,2094.0,3.0,0.0,79.0,0.0,logistic_regression
162,21.0,0.624,0.0,1.0,0.0,3.0,0.0,6.0,2035.0,2.0,2.0,74.0,1.0,random_forest
163,93.0,0.865,0.0,1.0,0.0,2.0,0.0,9.0,50.0,3.0,2.0,152.0,1.0,random_forest
164,21.0,0.624,0.0,1.0,2.0,2.0,0.0,8.0,1000.0,3.0,4.0,103.0,0.0,random_forest
165,179.0,0.512,0.0,1.0,0.0,3.0,0.0,9.0,50.0,3.0,1.0,68.0,0.0,logistic_regression
166,21.0,0.624,0.0,1.0,0.0,3.0,0.0,6.0,1943.0,2.0,1.0,56.0,1.0,random_forest
167,103.0,0.92,0.0,1.0,0.0,2.0,0.0,21.0,2573.0,3.0,5.0,35.0,1.0,random_forest
168,71.0,0.884,2.0,1.0,0.0,2.0,2.0,0.0,1867.0,2.0,1.0,8.0,1.0,random_forest
169,21.0,0.624,0.0,1.0,0.0,3.0,0.0,0.0,100.0,2.0,0.0,13.0,1.0,random_forest
170,71.0,0.884,0.0,1.0,1.0,2.0,0.0,21.0,2259.0,2.0,2.0,6.0,1.0,random_forest
171,11.0,0.55,0.0,1.0,0.0,2.0,0.0,6.0,50.0,3.0,1.0,60.0,1.0,random_forest
172,73.0,0.754,0.0,1.0,0.0,3.0,0.0,4.0,1989.0,2.0,1.0,33.0,1.0,random_forest
173,21.0,0.624,0.0,1.0,0.0,2.0,0.0,3.0,50.0,3.0,2.0,88.0,0.0,logistic_regression
174,21.0,0.624,0.0,0.0,2.0,1.0,0.0,2.0,1717.0,3.0,0.0,32.0,1.0,random_forest
175,74.0,0.579,0.0,1.0,2.0,2.0,0.0,5.0,100.0,3.0,1.0,3.0,0.0,random_forest
176,21.0,0.624,0.0,1.0,0.0,3.0,0.0,2.0,50.0,3.0,1.0,35.0,1.0,random_forest
177,160.0,0.92,1.0,1.0,0.0,2.0,0.0,7.0,1762.0,2.0,2.0,14.0,0.0,logistic_regression
178,103.0,0.92,0.0,0.0,2.0,1.0,0.0,3.0,2016.0,3.0,1.0,16.0,1.0,random_forest
179,103.0,0.92,0.0,1.0,0.0,2.0,0.0,21.0,2574.0,3.0,5.0,34.0,1.0,random_forest
180,103.0,0.92,0.0,1.0,2.0,2.0,0.0,5.0,1754.0,2.0,1.0,25.0,1.0,random_forest
181,101.0,0.5579999999999999,0.0,0.0,2.0,2.0,0.0,3.0,1480.0,3.0,1.0,332.0,0.0,random_forest
182,90.0,0.698,0.0,0.0,1.0,3.0,0.0,7.0,2364.0,3.0,1.0,24.0,1.0,random_forest
183,103.0,0.92,0.0,1.0,0.0,2.0,0.0,21.0,2257.0,3.0,5.0,160.0,0.0,logistic_regression
184,103.0,0.92,0.0,0.0,2.0,2.0,0.0,5.0,2797.0,4.0,1.0,28.0,1.0,random_forest
185,21.0,0.624,0.0,1.0,0.0,3.0,0.0,10.0,100.0,2.0,1.0,41.0,1.0,random_forest
186,103.0,0.92,0.0,1.0,0.0,2.0,0.0,19.0,2526.0,3.0,5.0,49.0,1.0,random_forest
187,160.0,0.92,0.0,1.0,0.0,2.0,1.0,10.0,1759.0,2.0,1.0,10.0,1.0,random_forest
188,103.0,0.92,0.0,0.0,2.0,2.0,0.0,6.0,2489.0,3.0,2.0,3.0,1.0,random_forest
189,21.0,0.624,0.0,1.0,0.0,3.0,0.0,15.0,50.0,3.0,3.0,77.0,1.0,random_forest
190,21.0,0.624,0.0,1.0,0.0,2.0,0.0,3.0,1000.0,3.0,2.0,258.0,1.0,random_forest
191,21.0,0.624,1.0,0.0,2.0,1.0,0.0,3.0,1565.0,3.0,0.0,55.0,0.0,random_forest
192,162.0,0.767,1.0,1.0,0.0,3.0,0.0,17.0,2440.0,2.0,3.0,10.0,1.0,random_forest
193,101.0,0.5579999999999999,0.0,1.0,2.0,3.0,0.0,18.0,1810.0,3.0,1.0,170.0,1.0,logistic_regression
194,21.0,0.624,0.0,1.0,0.0,2.0,0.0,7.0,10000.0,3.0,0.0,23.0,1.0,random_forest
195,21.0,0.624,0.0,1.0,0.0,2.0,0.0,6.0,100.0,3.0,1.0,110.0,1.0,random_forest
196,114.0,0.926,0.0,0.0,2.0,3.0,0.0,13.0,3196.0,4.0,5.0,7.0,0.0,logistic_regression
197,21.0,0.624,0.0,0.0,0.0,1.0,0.0,0.0,1696.0,2.0,0.0,91.0,1.0,random_forest
198,21.0,0.624,0.0,1.0,0.0,3.0,0.0,1.0,50.0,3.0,1.0,34.0,0.0,logistic_regression
199,145.0,0.555,0.0,0.0,0.0,3.0,5.0,21.0,2338.0,3.0,5.0,158.0,1.0,random_forest
200,100.0,0.887,0.0,0.0,0.0,3.0,0.0,7.0,2402.0,3.0,1.0,64.0,0.0,logistic_regression
201,65.0,0.802,0.0,0.0,2.0,2.0,0.0,8.0,2350.0,3.0,1.0,36.0,1.0,random_forest
202,21.0,0.624,0.0,0.0,0.0,2.0,0.0,12.0,2301.0,3.0,0.0,34.0,1.0,random_forest
203,103.0,0.92,0.0,0.0,2.0,2.0,0.0,4.0,2359.0,3.0,1.0,36.0,1.0,random_forest
204,21.0,0.624,0.0,0.0,2.0,2.0,0.0,2.0,1844.0,3.0,1.0,34.0,0.0,random_forest
205,11.0,0.55,0.0,1.0,0.0,3.0,0.0,2.0,100.0,2.0,1.0,56.0,0.0,logistic_regression
206,21.0,0.624,0.0,0.0,2.0,2.0,0.0,7.0,100.0,1.0,1.0,110.0,0.0,logistic_regression
207,21.0,0.624,0.0,1.0,2.0,2.0,0.0,13.0,10.0,3.0,2.0,145.0,1.0,random_forest
208,103.0,0.92,0.0,1.0,0.0,3.0,0.0,8.0,2280.0,2.0,2.0,45.0,1.0,random_forest
209,103.0,0.92,0.0,0.0,2.0,2.0,0.0,4.0,2657.0,4.0,0.0,82.0,1.0,random_forest
210,21.0,0.624,0.0,1.0,0.0,2.0,0.0,11.0,10.0,2.0,1.0,38.0,1.0,random_forest
211,103.0,0.92,0.0,0.0,2.0,2.0,0.0,3.0,2321.0,3.0,1.0,17.0,1.0,random_forest
212,21.0,0.624,0.0,0.0,0.0,2.0,0.0,2.0,10000.0,3.0,2.0,48.0,0.0,logistic_regression
213,145.0,0.555,0.0,1.0,0.0,2.0,0.0,2.0,100.0,3.0,1.0,25.0,0.0,logistic_regression
214,21.0,0.624,0.0,1.0,0.0,2.0,0.0,8.0,50.0,1.0,1.0,46.0,0.0,logistic_regression
215,160.0,0.92,0.0,1.0,0.0,2.0,0.0,21.0,2471.0,3.0,5.0,39.0,1.0,random_forest
216,21.0,0.624,0.0,1.0,0.0,2.0,0.0,5.0,100.0,3.0,1.0,74.0,1.0,random_forest
217,21.0,0.624,2.0,0.0,0.0,2.0,0.0,4.0,2384.0,2.0,0.0,190.0,1.0,random_forest
218,11.0,0.55,0.0,1.0,0.0,2.0,0.0,7.0,100.0,3.0,1.0,5.0,0.0,logistic_regression
219,134.0,0.698,0.0,0.0,0.0,3.0,0.0,5.0,2398.0,3.0,1.0,46.0,1.0,random_forest
220,102.0,0.804,0.0,1.0,0.0,2.0,0.0,7.0,1737.0,2.0,1.0,65.0,1.0,random_forest
221,11.0,0.55,0.0,1.0,0.0,2.0,0.0,7.0,500.0,3.0,1.0,47.0,0.0,logistic_regression
222,118.0,0.722,0.0,1.0,0.0,2.0,0.0,4.0,1582.0,2.0,2.0,212.0,1.0,random_forest
223,21.0,0.624,0.0,1.0,0.0,2.0,0.0,3.0,50.0,1.0,1.0,8.0,1.0,random_forest
224,145.0,0.555,0.0,0.0,2.0,2.0,0.0,2.0,1563.0,3.0,2.0,120.0,0.0,random_forest
225,104.0,0.924,0.0,0.0,2.0,2.0,0.0,5.0,2491.0,3.0,5.0,8.0,0.0,logistic_regression
226,21.0,0.624,0.0,1.0,0.0,3.0,0.0,0.0,100.0,3.0,2.0,22.0,1.0,random_forest
227,21.0,0.624,0.0,1.0,0.0,2.0,1.0,6.0,1.0,3.0,2.0,15.0,1.0,random_forest
228,21.0,0.624,0.0,1.0,2.0,2.0,0.0,4.0,50.0,2.0,1.0,21.0,1.0,random_forest
229,21.0,0.624,0.0,1.0,0.0,2.0,0.0,4.0,1690.0,2.0,1.0,18.0,1.0,random_forest
230,102.0,0.804,0.0,0.0,2.0,2.0,0.0,7.0,2192.0,3.0,0.0,11.0,1.0,random_forest
231,21.0,0.624,0.0,0.0,2.0,3.0,0.0,2.0,2014.0,3.0,0.0,8.0,0.0,random_forest
232,21.0,0.624,0.0,1.0,0.0,2.0,0.0,3.0,50.0,1.0,1.0,7.0,1.0,random_forest
233,115.0,0.789,1.0,0.0,2.0,2.0,0.0,3.0,2144.0,3.0,0.0,144.0,1.0,random_forest
234,21.0,0.624,0.0,1.0,0.0,3.0,0.0,4.0,50.0,3.0,1.0,45.0,0.0,logistic_regression
235,21.0,0.624,0.0,1.0,0.0,3.0,0.0,11.0,10000.0,3.0,1.0,17.0,1.0,random_forest
236,21.0,0.624,0.0,0.0,2.0,3.0,0.0,15.0,1000.0,4.0,3.0,174.0,0.0,random_forest
237,19.0,0.682,0.0,1.0,2.0,2.0,0.0,1.0,1545.0,2.0,1.0,45.0,1.0,random_forest
238,21.0,0.624,0.0,0.0,2.0,1.0,0.0,4.0,1731.0,3.0,0.0,64.0,1.0,random_forest
239,103.0,0.92,2.0,1.0,0.0,3.0,0.0,18.0,2699.0,2.0,1.0,45.0,1.0,random_forest
240,21.0,0.624,0.0,1.0,2.0,3.0,0.0,5.0,100.0,2.0,1.0,28.0,1.0,logistic_regression
241,21.0,0.624,0.0,1.0,2.0,2.0,0.0,0.0,500.0,3.0,1.0,14.0,0.0,random_forest
242,21.0,0.624,0.0,0.0,0.0,2.0,0.0,3.0,2241.0,3.0,1.0,46.0,1.0,random_forest
243,103.0,0.92,0.0,0.0,0.0,2.0,0.0,21.0,2779.0,3.0,1.0,32.0,1.0,random_forest
244,21.0,0.624,0.0,1.0,0.0,3.0,0.0,7.0,10000.0,3.0,1.0,34.0,1.0,logistic_regression
245,21.0,0.624,0.0,1.0,0.0,2.0,0.0,6.0,1.0,3.0,2.0,36.0,1.0,random_forest
246,21.0,0.624,0.0,1.0,0.0,3.0,0.0,9.0,10000.0,3.0,1.0,166.0,0.0,logistic_regression
247,21.0,0.624,0.0,0.0,2.0,2.0,0.0,0.0,1598.0,3.0,0.0,114.0,0.0,random_forest
248,16.0,0.91,0.0,0.0,2.0,2.0,0.0,1.0,2460.0,3.0,1.0,26.0,1.0,random_forest
249,27.0,0.848,0.0,0.0,0.0,2.0,0.0,8.0,2454.0,3.0,0.0,56.0,1.0,random_forest
250,21.0,0.624,0.0,1.0,0.0,2.0,0.0,3.0,50.0,3.0,1.0,21.0,0.0,logistic_regression
251,99.0,0.915,0.0,0.0,2.0,2.0,0.0,3.0,2323.0,3.0,1.0,16.0,1.0,random_forest
252,175.0,0.7759999999999999,0.0,0.0,2.0,2.0,0.0,2.0,1892.0,3.0,0.0,9.0,1.0,random_forest
253,173.0,0.878,0.0,1.0,2.0,2.0,0.0,10.0,1958.0,3.0,4.0,53.0,1.0,random_forest
254,107.0,0.518,0.0,1.0,0.0,2.0,0.0,6.0,100.0,5.0,1.0,19.0,0.0,logistic_regression
255,21.0,0.624,0.0,0.0,2.0,2.0,0.0,12.0,2213.0,3.0,0.0,57.0,1.0,random_forest
256,21.0,0.624,0.0,1.0,0.0,2.0,0.0,4.0,500.0,1.0,1.0,5.0,1.0,random_forest
257,103.0,0.92,0.0,0.0,2.0,2.0,2.0,10.0,2244.0,3.0,1.0,87.0,1.0,random_forest
258,21.0,0.624,0.0,1.0,0.0,2.0,0.0,7.0,100.0,3.0,1.0,48.0,1.0,random_forest
259,103.0,0.92,0.0,0.0,2.0,2.0,0.0,9.0,2586.0,3.0,5.0,18.0,0.0,logistic_regression
260,21.0,0.624,0.0,1.0,2.0,2.0,0.0,6.0,10.0,3.0,1.0,26.0,0.0,logistic_regression
261,103.0,0.92,0.0,1.0,0.0,2.0,0.0,4.0,1797.0,2.0,1.0,96.0,1.0,random_forest
262,21.0,0.624,0.0,1.0,0.0,3.0,0.0,7.0,100.0,3.0,4.0,104.0,1.0,random_forest
263,104.0,0.924,0.0,0.0,2.0,1.0,0.0,3.0,2224.0,3.0,5.0,264.0,0.0,logistic_regression
264,21.0,0.624,1.0,1.0,0.0,3.0,0.0,15.0,10.0,3.0,1.0,9.0,1.0,random_forest
265,21.0,0.624,0.0,1.0,0.0,2.0,0.0,7.0,500.0,2.0,2.0,2.0,1.0,random_forest
266,21.0,0.624,0.0,1.0,0.0,2.0,0.0,9.0,50.0,3.0,1.0,9.0,0.0,logistic_regression
267,21.0,0.624,0.0,1.0,0.0,2.0,0.0,8.0,1.0,0.0,1.0,129.0,0.0,logistic_regression
268,101.0,0.5579999999999999,0.0,0.0,0.0,1.0,0.0,6.0,1632.0,2.0,0.0,31.0,1.0,random_forest
269,21.0,0.624,0.0,1.0,0.0,3.0,0.0,4.0,50.0,1.0,1.0,212.0,1.0,random_forest
270,21.0,0.624,0.0,1.0,0.0,2.0,0.0,3.0,50.0,1.0,2.0,58.0,1.0,random_forest
271,101.0,0.5579999999999999,0.0,0.0,0.0,2.0,0.0,1.0,1598.0,2.0,1.0,234.0,0.0,logistic_regression
272,160.0,0.92,0.0,1.0,0.0,2.0,0.0,8.0,1820.0,2.0,4.0,28.0,0.0,logistic_regression
273,173.0,0.878,0.0,0.0,2.0,1.0,0.0,12.0,2025.0,3.0,4.0,10.0,0.0,logistic_regression
274,103.0,0.92,0.0,1.0,0.0,2.0,4.0,21.0,1827.0,2.0,2.0,51.0,1.0,random_forest
275,11.0,0.55,0.0,0.0,2.0,1.0,0.0,4.0,1409.0,3.0,0.0,23.0,0.0,random_forest
276,11.0,0.55,0.0,1.0,1.0,2.0,0.0,10.0,500.0,3.0,1.0,62.0,1.0,random_forest
277,21.0,0.624,0.0,1.0,0.0,2.0,0.0,1.0,500.0,3.0,1.0,10.0,1.0,random_forest
278,21.0,0.624,0.0,1.0,0.0,3.0,0.0,5.0,500.0,3.0,1.0,102.0,0.0,logistic_regression
279,21.0,0.624,0.0,1.0,0.0,2.0,0.0,0.0,500.0,3.0,1.0,32.0,1.0,random_forest
280,67.0,0.855,1.0,0.0,2.0,2.0,0.0,3.0,2571.0,3.0,2.0,17.0,1.0,random_forest
281,11.0,0.55,0.0,1.0,0.0,2.0,0.0,3.0,50.0,3.0,2.0,64.0,0.0,logistic_regression
282,21.0,0.624,0.0,1.0,0.0,3.0,0.0,9.0,100.0,3.0,5.0,96.0,0.0,logistic_regression
283,103.0,0.92,0.0,0.0,2.0,2.0,0.0,2.0,2702.0,4.0,1.0,50.0,1.0,random_forest
284,64.0,0.6659999999999999,0.0,0.0,0.0,2.0,0.0,3.0,2279.0,3.0,2.0,44.0,1.0,random_forest
285,21.0,0.624,0.0,1.0,0.0,2.0,0.0,5.0,10.0,1.0,0.0,56.0,1.0,random_forest
286,160.0,0.92,0.0,1.0,0.0,2.0,0.0,21.0,2480.0,3.0,5.0,18.0,1.0,random_forest
287,21.0,0.624,0.0,0.0,2.0,1.0,0.0,2.0,1704.0,3.0,0.0,28.0,1.0,random_forest
288,103.0,0.92,0.0,1.0,0.0,3.0,0.0,10.0,2214.0,2.0,1.0,112.0,1.0,random_forest
289,21.0,0.624,0.0,0.0,2.0,1.0,0.0,0.0,1617.0,3.0,0.0,166.0,1.0,random_forest
290,100.0,0.887,0.0,0.0,2.0,3.0,1.0,7.0,2535.0,3.0,1.0,23.0,1.0,random_forest
291,21.0,0.624,0.0,1.0,0.0,3.0,0.0,7.0,10.0,3.0,1.0,284.0,0.0,logistic_regression
292,103.0,0.92,0.0,0.0,0.0,2.0,0.0,3.0,2386.0,3.0,5.0,74.0,0.0,logistic_regression
293,160.0,0.92,0.0,1.0,0.0,2.0,0.0,21.0,2436.0,3.0,5.0,118.0,1.0,random_forest
294,21.0,0.624,0.0,0.0,2.0,1.0,0.0,5.0,1753.0,3.0,0.0,91.0,1.0,random_forest
295,61.0,0.913,0.0,0.0,2.0,2.0,0.0,3.0,2396.0,3.0,1.0,15.0,1.0,random_forest
296,128.0,0.527,0.0,0.0,0.0,2.0,0.0,5.0,100.0,3.0,1.0,15.0,0.0,logistic_regression
297,103.0,0.92,0.0,0.0,1.0,2.0,0.0,1.0,2279.0,3.0,1.0,128.0,1.0,random_forest
298,21.0,0.624,0.0,1.0,2.0,2.0,0.0,5.0,1000.0,3.0,1.0,18.0,0.0,random_forest
299,103.0,0.92,0.0,1.0,0.0,2.0,0.0,21.0,2180.0,2.0,1.0,19.0,1.0,random_forest
300,21.0,0.624,0.0,1.0,0.0,2.0,0.0,9.0,10000.0,3.0,0.0,80.0,1.0,random_forest
301,10.0,0.895,1.0,0.0,2.0,2.0,0.0,7.0,3682.0,5.0,1.0,21.0,1.0,random_forest
302,21.0,0.624,0.0,0.0,0.0,2.0,0.0,0.0,1.0,3.0,1.0,111.0,1.0,random_forest
303,21.0,0.624,1.0,1.0,0.0,2.0,0.0,4.0,50.0,3.0,2.0,38.0,1.0,random_forest
304,21.0,0.624,0.0,1.0,0.0,2.0,0.0,8.0,500.0,3.0,2.0,113.0,0.0,logistic_regression
305,103.0,0.92,1.0,1.0,0.0,2.0,0.0,8.0,1799.0,2.0,1.0,3.0,0.0,logistic_regression
306,21.0,0.624,0.0,1.0,0.0,3.0,0.0,5.0,100.0,3.0,1.0,246.0,1.0,random_forest
307,74.0,0.579,0.0,1.0,0.0,2.0,0.0,3.0,10.0,3.0,1.0,21.0,1.0,random_forest
308,16.0,0.91,1.0,0.0,0.0,2.0,0.0,14.0,2789.0,3.0,0.0,80.0,1.0,random_forest
309,103.0,0.92,2.0,0.0,1.0,2.0,0.0,15.0,2491.0,3.0,0.0,118.0,0.0,logistic_regression
310,103.0,0.92,0.0,1.0,0.0,2.0,0.0,18.0,2072.0,2.0,1.0,153.0,1.0,random_forest
311,28.0,0.939,0.0,0.0,2.0,2.0,0.0,7.0,2646.0,3.0,2.0,78.0,1.0,random_forest
312,160.0,0.92,0.0,1.0,2.0,2.0,1.0,21.0,2247.0,3.0,5.0,90.0,1.0,random_forest
313,21.0,0.624,0.0,0.0,0.0,2.0,0.0,9.0,2202.0,3.0,3.0,174.0,0.0,logistic_regression
314,103.0,0.92,0.0,0.0,2.0,2.0,0.0,9.0,2461.0,3.0,1.0,28.0,1.0,random_forest
315,103.0,0.92,0.0,1.0,0.0,2.0,0.0,21.0,2509.0,3.0,5.0,182.0,1.0,random_forest
316,103.0,0.92,0.0,0.0,2.0,2.0,0.0,2.0,2276.0,3.0,1.0,73.0,1.0,random_forest
317,103.0,0.92,0.0,1.0,0.0,2.0,0.0,20.0,2158.0,2.0,1.0,24.0,1.0,random_forest
318,21.0,0.624,0.0,0.0,2.0,1.0,0.0,4.0,1812.0,3.0,1.0,105.0,1.0,random_forest
319,103.0,0.92,0.0,1.0,0.0,2.0,0.0,12.0,2106.0,2.0,3.0,222.0,1.0,random_forest
320,160.0,0.92,0.0,0.0,2.0,2.0,0.0,3.0,2093.0,3.0,0.0,54.0,1.0,random_forest
321,21.0,0.624,0.0,0.0,2.0,3.0,0.0,0.0,1978.0,3.0,0.0,55.0,0.0,random_forest
322,21.0,0.624,0.0,1.0,0.0,2.0,0.0,7.0,100.0,3.0,2.0,162.0,1.0,random_forest
323,103.0,0.92,1.0,1.0,0.0,3.0,0.0,21.0,2726.0,3.0,5.0,46.0,0.0,logistic_regression
324,103.0,0.92,0.0,0.0,2.0,2.0,0.0,2.0,2286.0,3.0,1.0,50.0,1.0,random_forest
325,160.0,0.92,1.0,1.0,2.0,2.0,0.0,5.0,2092.0,3.0,4.0,41.0,1.0,random_forest
326,103.0,0.92,0.0,1.0,0.0,2.0,0.0,10.0,10000.0,3.0,5.0,27.0,0.0,logistic_regression
327,160.0,0.92,1.0,0.0,0.0,2.0,0.0,3.0,2435.0,3.0,1.0,77.0,1.0,random_forest
328,21.0,0.624,0.0,1.0,1.0,2.0,0.0,11.0,1.0,2.0,2.0,22.0,1.0,random_forest
329,160.0,0.92,1.0,0.0,0.0,2.0,3.0,2.0,2086.0,3.0,1.0,75.0,1.0,random_forest
330,21.0,0.624,0.0,1.0,2.0,3.0,0.0,20.0,50.0,2.0,1.0,16.0,1.0,random_forest
331,45.0,0.89,0.0,0.0,2.0,2.0,2.0,2.0,2153.0,3.0,1.0,29.0,1.0,random_forest
332,21.0,0.624,0.0,1.0,2.0,2.0,0.0,2.0,50.0,5.0,1.0,10.0,1.0,logistic_regression
333,21.0,0.624,0.0,1.0,0.0,2.0,0.0,1.0,100.0,3.0,0.0,50.0,1.0,random_forest
334,103.0,0.92,0.0,1.0,0.0,2.0,0.0,21.0,2232.0,2.0,3.0,21.0,0.0,logistic_regression
335,103.0,0.92,1.0,0.0,2.0,2.0,0.0,2.0,2456.0,3.0,1.0,21.0,1.0,random_forest
336,128.0,0.527,0.0,1.0,0.0,2.0,0.0,2.0,10.0,3.0,0.0,28.0,0.0,logistic_regression
337,103.0,0.92,0.0,1.0,0.0,2.0,4.0,21.0,2135.0,3.0,5.0,32.0,1.0,random_forest
338,21.0,0.624,0.0,1.0,0.0,2.0,5.0,4.0,100.0,1.0,2.0,127.0,0.0,logistic_regression
339,21.0,0.624,0.0,1.0,0.0,3.0,0.0,15.0,50.0,2.0,3.0,57.0,0.0,logistic_regression
340,79.0,0.698,0.0,0.0,1.0,2.0,0.0,4.0,2191.0,3.0,1.0,46.0,1.0,random_forest
341,160.0,0.92,0.0,1.0,0.0,2.0,0.0,21.0,2030.0,2.0,1.0,134.0,1.0,random_forest
342,103.0,0.92,0.0,1.0,0.0,2.0,0.0,21.0,2182.0,2.0,1.0,15.0,1.0,random_forest
343,21.0,0.624,1.0,0.0,0.0,3.0,0.0,13.0,1000.0,3.0,5.0,56.0,1.0,random_forest
344,21.0,0.624,0.0,1.0,0.0,2.0,0.0,4.0,1.0,3.0,1.0,32.0,1.0,random_forest
345,103.0,0.92,0.0,0.0,0.0,3.0,0.0,9.0,2738.0,3.0,1.0,198.0,1.0,random_forest
346,103.0,0.92,0.0,1.0,0.0,2.0,0.0,15.0,2437.0,3.0,5.0,65.0,1.0,random_forest
347,21.0,0.624,0.0,1.0,0.0,2.0,0.0,6.0,50.0,1.0,4.0,17.0,1.0,random_forest
348,21.0,0.624,0.0,1.0,0.0,3.0,0.0,17.0,10000.0,3.0,3.0,90.0,1.0,random_forest
349,21.0,0.624,0.0,1.0,0.0,2.0,0.0,1.0,10.0,3.0,1.0,35.0,1.0,random_forest
350,160.0,0.92,0.0,1.0,0.0,2.0,0.0,5.0,1721.0,2.0,1.0,62.0,1.0,random_forest
351,21.0,0.624,0.0,1.0,0.0,2.0,0.0,12.0,1.0,1.0,1.0,47.0,1.0,random_forest
352,11.0,0.55,0.0,1.0,0.0,3.0,0.0,9.0,50.0,3.0,1.0,12.0,0.0,logistic_regression
353,21.0,0.624,0.0,1.0,0.0,2.0,0.0,4.0,1000.0,3.0,1.0,25.0,1.0,random_forest
354,145.0,0.555,0.0,0.0,0.0,3.0,0.0,3.0,100.0,3.0,1.0,336.0,1.0,logistic_regression
355,160.0,0.92,0.0,1.0,0.0,2.0,0.0,10.0,1835.0,2.0,1.0,79.0,1.0,random_forest
356,21.0,0.624,0.0,1.0,0.0,2.0,0.0,7.0,10.0,2.0,1.0,182.0,1.0,random_forest
357,103.0,0.92,0.0,0.0,2.0,3.0,0.0,6.0,2546.0,3.0,0.0,117.0,1.0,random_forest
358,103.0,0.92,0.0,1.0,0.0,2.0,0.0,16.0,2181.0,2.0,2.0,11.0,1.0,random_forest
359,21.0,0.624,0.0,1.0,2.0,2.0,0.0,12.0,10.0,3.0,5.0,21.0,1.0,random_forest
360,78.0,0.579,0.0,0.0,0.0,3.0,0.0,1.0,100.0,4.0,1.0,62.0,1.0,logistic_regression
361,46.0,0.762,0.0,1.0,0.0,2.0,0.0,5.0,1760.0,2.0,1.0,54.0,1.0,random_forest
362,75.0,0.939,0.0,1.0,0.0,2.0,0.0,15.0,2521.0,3.0,5.0,50.0,1.0,random_forest
363,142.0,0.727,0.0,1.0,0.0,3.0,0.0,21.0,2123.0,2.0,1.0,88.0,1.0,random_forest
364,103.0,0.92,2.0,0.0,2.0,2.0,0.0,3.0,2836.0,3.0,3.0,15.0,1.0,random_forest
365,160.0,0.92,1.0,0.0,2.0,2.0,0.0,0.0,2122.0,3.0,2.0,29.0,0.0,logistic_regression
366,67.0,0.855,0.0,1.0,0.0,2.0,0.0,8.0,2002.0,2.0,2.0,29.0,1.0,random_forest
367,25.0,0.698,0.0,0.0,0.0,2.0,0.0,5.0,2629.0,3.0,4.0,56.0,1.0,random_forest
368,103.0,0.92,0.0,1.0,0.0,3.0,0.0,21.0,2744.0,3.0,4.0,87.0,1.0,random_forest
369,11.0,0.55,1.0,1.0,0.0,3.0,0.0,11.0,100.0,3.0,0.0,51.0,0.0,logistic_regression
370,103.0,0.92,1.0,1.0,0.0,2.0,0.0,21.0,2122.0,2.0,2.0,105.0,0.0,logistic_regression
371,21.0,0.624,0.0,1.0,0.0,3.0,0.0,8.0,50.0,3.0,1.0,43.0,1.0,random_forest
372,21.0,0.624,0.0,0.0,2.0,2.0,0.0,0.0,1.0,3.0,1.0,17.0,1.0,logistic_regression
373,103.0,0.92,0.0,1.0,0.0,2.0,0.0,21.0,2586.0,3.0,5.0,7.0,1.0,random_forest
374,160.0,0.92,1.0,1.0,0.0,2.0,3.0,1.0,1478.0,2.0,1.0,35.0,1.0,random_forest
375,128.0,0.527,0.0,0.0,0.0,2.0,5.0,4.0,1388.0,3.0,1.0,79.0,1.0,random_forest
376,21.0,0.624,0.0,1.0,2.0,2.0,0.0,5.0,1529.0,2.0,1.0,104.0,1.0,random_forest
377,103.0,0.92,0.0,0.0,2.0,2.0,0.0,2.0,2200.0,3.0,1.0,202.0,1.0,random_forest
378,100.0,0.887,0.0,0.0,2.0,2.0,0.0,3.0,2184.0,3.0,0.0,25.0,1.0,random_forest
379,21.0,0.624,0.0,1.0,0.0,2.0,0.0,4.0,10000.0,3.0,2.0,250.0,1.0,random_forest
380,11.0,0.55,0.0,0.0,0.0,2.0,0.0,5.0,2089.0,2.0,0.0,37.0,1.0,random_forest
381,11.0,0.55,0.0,0.0,0.0,1.0,0.0,0.0,1643.0,2.0,0.0,68.0,1.0,random_forest
382,21.0,0.624,0.0,1.0,0.0,3.0,0.0,21.0,5000.0,3.0,5.0,72.0,1.0,random_forest
383,21.0,0.624,0.0,1.0,0.0,2.0,0.0,4.0,50.0,2.0,1.0,12.0,1.0,random_forest
384,100.0,0.887,0.0,1.0,0.0,2.0,0.0,12.0,2228.0,2.0,4.0,96.0,1.0,random_forest
385,23.0,0.899,1.0,0.0,2.0,2.0,0.0,5.0,2527.0,3.0,0.0,70.0,1.0,random_forest
386,103.0,0.92,1.0,1.0,0.0,2.0,3.0,3.0,1541.0,2.0,0.0,12.0,1.0,random_forest
387,103.0,0.92,0.0,1.0,0.0,2.0,3.0,21.0,2249.0,3.0,5.0,23.0,1.0,random_forest
388,103.0,0.92,0.0,1.0,0.0,2.0,1.0,21.0,2045.0,2.0,1.0,77.0,1.0,random_forest
389,103.0,0.92,0.0,1.0,0.0,2.0,0.0,8.0,2005.0,2.0,2.0,37.0,1.0,random_forest
390,21.0,0.624,0.0,0.0,0.0,2.0,0.0,2.0,5000.0,4.0,1.0,5.0,1.0,random_forest
391,21.0,0.624,0.0,1.0,2.0,3.0,0.0,4.0,50.0,3.0,1.0,35.0,1.0,logistic_regression
392,103.0,0.92,0.0,0.0,2.0,1.0,0.0,6.0,2066.0,3.0,1.0,43.0,1.0,random_forest
393,100.0,0.887,0.0,1.0,0.0,2.0,0.0,21.0,2437.0,2.0,4.0,42.0,1.0,random_forest
394,65.0,0.802,0.0,0.0,2.0,2.0,0.0,7.0,2242.0,3.0,0.0,6.0,1.0,random_forest
395,21.0,0.624,0.0,1.0,0.0,2.0,0.0,6.0,50.0,2.0,1.0,101.0,0.0,logistic_regression
396,21.0,0.624,0.0,1.0,2.0,2.0,0.0,4.0,10.0,2.0,1.0,10.0,0.0,logistic_regression
397,21.0,0.624,0.0,1.0,0.0,3.0,0.0,9.0,50.0,3.0,5.0,96.0,1.0,random_forest
398,21.0,0.624,0.0,1.0,0.0,2.0,0.0,1.0,1574.0,2.0,1.0,29.0,1.0,random_forest
399,21.0,0.624,0.0,1.0,0.0,3.0,0.0,5.0,50.0,2.0,1.0,34.0,0.0,logistic_regression
400,21.0,0.624,0.0,1.0,0.0,2.0,0.0,12.0,500.0,3.0,1.0,48.0,0.0,logistic_regression
401,21.0,0.624,0.0,1.0,0.0,2.0,0.0,4.0,50.0,3.0,1.0,57.0,1.0,random_forest
402,21.0,0.624,0.0,0.0,0.0,1.0,0.0,3.0,1703.0,2.0,0.0,111.0,0.0,logistic_regression
403,11.0,0.55,0.0,0.0,1.0,2.0,0.0,4.0,1868.0,3.0,0.0,4.0,0.0,random_forest
404,21.0,0.624,0.0,1.0,0.0,2.0,1.0,17.0,2097.0,2.0,4.0,21.0,1.0,random_forest
405,21.0,0.624,0.0,1.0,2.0,2.0,0.0,3.0,500.0,1.0,1.0,113.0,0.0,logistic_regression
406,103.0,0.92,0.0,0.0,0.0,2.0,0.0,21.0,3197.0,3.0,5.0,25.0,1.0,random_forest
407,21.0,0.624,0.0,1.0,0.0,3.0,0.0,5.0,100.0,3.0,1.0,80.0,0.0,logistic_regression
408,160.0,0.92,0.0,0.0,0.0,2.0,0.0,17.0,2417.0,3.0,2.0,12.0,0.0,logistic_regression
409,78.0,0.579,0.0,0.0,2.0,2.0,3.0,1.0,1206.0,3.0,0.0,118.0,0.0,random_forest
410,145.0,0.555,0.0,1.0,0.0,2.0,0.0,6.0,10.0,3.0,1.0,78.0,0.0,logistic_regression
411,101.0,0.5579999999999999,0.0,0.0,2.0,1.0,0.0,2.0,1163.0,3.0,0.0,100.0,0.0,random_forest
412,21.0,0.624,0.0,1.0,0.0,2.0,0.0,3.0,50.0,1.0,1.0,61.0,1.0,random_forest
413,21.0,0.624,0.0,1.0,0.0,2.0,0.0,5.0,10.0,3.0,0.0,24.0,1.0,random_forest
414,21.0,0.624,0.0,0.0,2.0,1.0,0.0,0.0,1665.0,3.0,0.0,56.0,1.0,random_forest
415,21.0,0.624,0.0,1.0,0.0,2.0,0.0,3.0,100.0,3.0,3.0,77.0,0.0,logistic_regression
416,160.0,0.92,0.0,1.0,0.0,2.0,0.0,21.0,2458.0,3.0,5.0,45.0,1.0,random_forest
417,176.0,0.764,0.0,0.0,2.0,2.0,0.0,2.0,2081.0,3.0,2.0,58.0,1.0,random_forest
418,116.0,0.743,0.0,0.0,1.0,2.0,0.0,3.0,2022.0,3.0,0.0,16.0,1.0,random_forest
419,21.0,0.624,0.0,1.0,1.0,3.0,0.0,7.0,50.0,1.0,1.0,24.0,1.0,random_forest
420,42.0,0.563,0.0,1.0,0.0,3.0,0.0,6.0,50.0,3.0,1.0,103.0,1.0,random_forest
421,74.0,0.579,0.0,1.0,0.0,2.0,0.0,10.0,100.0,3.0,2.0,79.0,0.0,logistic_regression
422,103.0,0.92,0.0,1.0,0.0,2.0,0.0,17.0,2498.0,3.0,5.0,20.0,1.0,random_forest
423,102.0,0.804,1.0,1.0,1.0,2.0,0.0,2.0,1730.0,2.0,1.0,95.0,1.0,random_forest
424,131.0,0.68,0.0,1.0,1.0,2.0,0.0,4.0,1432.0,2.0,1.0,46.0,1.0,random_forest
425,73.0,0.754,0.0,0.0,0.0,2.0,0.0,13.0,2483.0,3.0,1.0,18.0,1.0,random_forest
426,11.0,0.55,0.0,0.0,0.0,2.0,0.0,2.0,1.0,3.0,1.0,20.0,1.0,random_forest
427,160.0,0.92,0.0,0.0,2.0,1.0,0.0,11.0,2077.0,3.0,4.0,8.0,0.0,logistic_regression
428,21.0,0.624,0.0,1.0,0.0,2.0,0.0,4.0,100.0,3.0,2.0,78.0,0.0,logistic_regression
429,21.0,0.624,0.0,1.0,0.0,2.0,0.0,10.0,50.0,2.0,1.0,149.0,1.0,random_forest
430,126.0,0.479,0.0,1.0,2.0,2.0,0.0,21.0,1.0,4.0,5.0,19.0,1.0,logistic_regression
431,21.0,0.624,1.0,1.0,0.0,2.0,0.0,3.0,10.0,3.0,2.0,7.0,1.0,random_forest
432,128.0,0.527,0.0,0.0,1.0,2.0,0.0,10.0,100.0,1.0,1.0,57.0,0.0,logistic_regression
433,21.0,0.624,0.0,1.0,0.0,2.0,0.0,7.0,5000.0,3.0,4.0,41.0,0.0,logistic_regression
434,70.0,0.698,0.0,1.0,0.0,2.0,0.0,3.0,1599.0,2.0,1.0,47.0,1.0,random_forest
435,21.0,0.624,0.0,1.0,1.0,1.0,0.0,1.0,1.0,3.0,0.0,10.0,1.0,random_forest
436,103.0,0.92,0.0,0.0,2.0,2.0,0.0,5.0,10.0,4.0,1.0,41.0,0.0,logistic_regression
437,21.0,0.624,0.0,1.0,0.0,4.0,0.0,21.0,2647.0,3.0,2.0,16.0,1.0,random_forest
438,160.0,0.92,0.0,1.0,2.0,2.0,0.0,8.0,1700.0,2.0,1.0,34.0,1.0,random_forest
439,16.0,0.91,0.0,0.0,2.0,2.0,0.0,3.0,2457.0,3.0,1.0,69.0,1.0,random_forest
440,21.0,0.624,0.0,1.0,0.0,2.0,0.0,3.0,500.0,3.0,1.0,80.0,1.0,random_forest
441,100.0,0.887,0.0,1.0,2.0,2.0,0.0,21.0,2039.0,2.0,1.0,50.0,1.0,random_forest
442,67.0,0.855,1.0,1.0,2.0,2.0,0.0,5.0,1846.0,2.0,1.0,158.0,1.0,random_forest
443,21.0,0.624,0.0,0.0,2.0,1.0,0.0,2.0,1664.0,3.0,0.0,119.0,1.0,random_forest
444,21.0,0.624,0.0,0.0,0.0,1.0,0.0,2.0,1718.0,2.0,0.0,72.0,0.0,logistic_regression
445,103.0,0.92,0.0,1.0,0.0,3.0,0.0,21.0,3079.0,4.0,5.0,26.0,0.0,logistic_regression
446,21.0,0.624,0.0,1.0,0.0,2.0,0.0,13.0,100.0,1.0,1.0,54.0,0.0,logistic_regression
447,103.0,0.92,0.0,1.0,0.0,2.0,0.0,21.0,2386.0,2.0,3.0,7.0,1.0,random_forest
448,103.0,0.92,0.0,1.0,0.0,2.0,0.0,16.0,2482.0,3.0,5.0,10.0,1.0,random_forest
449,103.0,0.92,0.0,0.0,1.0,1.0,0.0,6.0,2025.0,3.0,1.0,98.0,0.0,logistic_regression
450,97.0,0.925,0.0,0.0,2.0,2.0,0.0,6.0,2505.0,3.0,2.0,6.0,1.0,random_forest
451,21.0,0.624,0.0,0.0,2.0,2.0,0.0,4.0,1774.0,3.0,0.0,15.0,0.0,random_forest
452,103.0,0.92,1.0,1.0,0.0,3.0,3.0,21.0,2290.0,2.0,1.0,8.0,1.0,random_forest
453,103.0,0.92,1.0,1.0,0.0,2.0,0.0,11.0,2074.0,2.0,1.0,150.0,1.0,random_forest
454,21.0,0.624,0.0,1.0,0.0,2.0,0.0,4.0,10.0,3.0,0.0,89.0,0.0,logistic_regression
455,101.0,0.5579999999999999,0.0,0.0,0.0,1.0,0.0,8.0,1745.0,2.0,1.0,94.0,1.0,random_forest
456,21.0,0.624,0.0,1.0,0.0,3.0,0.0,8.0,1998.0,2.0,1.0,25.0,1.0,random_forest
457,21.0,0.624,0.0,1.0,0.0,3.0,0.0,4.0,10.0,3.0,1.0,194.0,1.0,random_forest
458,21.0,0.624,1.0,1.0,0.0,2.0,0.0,6.0,100.0,1.0,2.0,71.0,1.0,random_forest
459,11.0,0.55,0.0,1.0,0.0,2.0,0.0,6.0,10.0,3.0,0.0,89.0,1.0,random_forest
460,160.0,0.92,0.0,1.0,0.0,3.0,0.0,21.0,2721.0,3.0,5.0,77.0,1.0,random_forest
461,103.0,0.92,0.0,0.0,2.0,2.0,0.0,5.0,10.0,3.0,1.0,36.0,1.0,random_forest
462,21.0,0.624,0.0,1.0,0.0,2.0,0.0,4.0,100.0,3.0,1.0,51.0,1.0,random_forest
463,103.0,0.92,0.0,0.0,0.0,3.0,0.0,7.0,2745.0,3.0,1.0,156.0,1.0,random_forest
464,91.0,0.691,0.0,1.0,0.0,2.0,0.0,12.0,2138.0,3.0,5.0,40.0,1.0,random_forest
465,103.0,0.92,0.0,0.0,0.0,3.0,0.0,7.0,2582.0,3.0,2.0,53.0,0.0,logistic_regression
466,91.0,0.691,0.0,1.0,2.0,2.0,0.0,3.0,100.0,4.0,2.0,26.0,0.0,logistic_regression
467,21.0,0.624,0.0,0.0,2.0,2.0,0.0,5.0,1791.0,3.0,0.0,22.0,0.0,random_forest
468,21.0,0.624,0.0,1.0,0.0,3.0,0.0,19.0,1000.0,3.0,5.0,11.0,1.0,random_forest
469,103.0,0.92,0.0,1.0,0.0,3.0,2.0,21.0,2172.0,2.0,1.0,170.0,1.0,random_forest
470,103.0,0.92,0.0,0.0,0.0,3.0,0.0,21.0,2708.0,3.0,1.0,21.0,0.0,logistic_regression
471,11.0,0.55,0.0,1.0,0.0,3.0,0.0,15.0,10.0,3.0,5.0,39.0,0.0,logistic_regression
472,33.0,0.4479999999999999,0.0,0.0,1.0,1.0,0.0,5.0,1561.0,3.0,0.0,86.0,1.0,logistic_regression
473,90.0,0.698,0.0,1.0,0.0,2.0,0.0,2.0,1511.0,2.0,1.0,112.0,1.0,random_forest
474,103.0,0.92,1.0,0.0,2.0,2.0,0.0,0.0,2410.0,3.0,1.0,31.0,1.0,random_forest
475,101.0,0.5579999999999999,0.0,0.0,0.0,2.0,0.0,4.0,1978.0,3.0,1.0,92.0,1.0,random_forest
476,21.0,0.624,0.0,1.0,2.0,3.0,0.0,0.0,100.0,4.0,1.0,7.0,0.0,random_forest
477,103.0,0.92,0.0,0.0,0.0,2.0,0.0,21.0,3121.0,3.0,5.0,165.0,1.0,random_forest
478,21.0,0.624,0.0,1.0,0.0,2.0,0.0,0.0,100.0,3.0,1.0,16.0,1.0,random_forest
479,21.0,0.624,0.0,1.0,0.0,2.0,1.0,10.0,2027.0,2.0,5.0,81.0,1.0,random_forest
480,21.0,0.624,0.0,1.0,0.0,2.0,0.0,12.0,10.0,1.0,2.0,83.0,1.0,random_forest
481,21.0,0.624,0.0,0.0,0.0,2.0,0.0,2.0,2213.0,3.0,1.0,50.0,1.0,random_forest
482,21.0,0.624,0.0,0.0,2.0,1.0,0.0,2.0,1682.0,3.0,0.0,78.0,1.0,random_forest
483,83.0,0.923,0.0,1.0,0.0,2.0,0.0,21.0,2177.0,2.0,1.0,125.0,1.0,random_forest
484,21.0,0.624,0.0,1.0,0.0,3.0,0.0,3.0,50.0,2.0,1.0,144.0,1.0,random_forest
485,21.0,0.624,0.0,1.0,0.0,2.0,0.0,6.0,50.0,1.0,1.0,17.0,1.0,random_forest
486,103.0,0.92,0.0,1.0,0.0,2.0,0.0,21.0,2502.0,3.0,5.0,198.0,1.0,random_forest
487,100.0,0.887,0.0,0.0,2.0,2.0,0.0,4.0,2293.0,3.0,1.0,52.0,1.0,random_forest
488,160.0,0.92,0.0,1.0,0.0,3.0,0.0,21.0,2723.0,3.0,5.0,74.0,1.0,random_forest
489,103.0,0.92,0.0,1.0,0.0,2.0,3.0,21.0,2122.0,3.0,5.0,314.0,1.0,random_forest
490,103.0,0.92,0.0,1.0,1.0,3.0,2.0,3.0,1847.0,2.0,1.0,40.0,1.0,random_forest
491,21.0,0.624,0.0,1.0,2.0,2.0,0.0,2.0,10000.0,3.0,1.0,43.0,1.0,logistic_regression
492,21.0,0.624,0.0,0.0,0.0,2.0,0.0,0.0,2034.0,2.0,0.0,84.0,1.0,random_forest
493,103.0,0.92,0.0,1.0,0.0,3.0,0.0,21.0,2429.0,2.0,1.0,86.0,1.0,random_forest
494,21.0,0.624,0.0,0.0,0.0,2.0,0.0,0.0,2004.0,3.0,2.0,25.0,0.0,logistic_regression
495,21.0,0.624,0.0,0.0,2.0,1.0,0.0,2.0,1697.0,3.0,0.0,61.0,0.0,logistic_regression
496,139.0,0.487,0.0,1.0,0.0,3.0,0.0,19.0,1819.0,2.0,1.0,52.0,1.0,random_forest
497,21.0,0.624,0.0,0.0,0.0,2.0,0.0,4.0,2097.0,2.0,0.0,129.0,1.0,random_forest
498,21.0,0.624,0.0,1.0,0.0,2.0,0.0,4.0,50.0,2.0,1.0,82.0,0.0,logistic_regression
499,11.0,0.55,0.0,1.0,0.0,2.0,0.0,3.0,100.0,5.0,1.0,62.0,0.0,logistic_regression
500,160.0,0.92,0.0,0.0,2.0,3.0,0.0,4.0,2603.0,3.0,2.0,29.0,1.0,random_forest
501,21.0,0.624,0.0,1.0,0.0,2.0,0.0,3.0,100.0,3.0,1.0,42.0,0.0,logistic_regression
502,104.0,0.924,1.0,0.0,2.0,2.0,0.0,3.0,2471.0,3.0,1.0,39.0,1.0,random_forest
503,16.0,0.91,0.0,1.0,0.0,2.0,0.0,12.0,1.0,3.0,5.0,57.0,0.0,logistic_regression
504,103.0,0.92,1.0,0.0,2.0,2.0,0.0,5.0,2238.0,3.0,1.0,24.0,0.0,logistic_regression
505,74.0,0.579,0.0,1.0,0.0,2.0,0.0,5.0,50.0,3.0,1.0,14.0,1.0,random_forest
506,73.0,0.754,0.0,0.0,0.0,2.0,0.0,6.0,2188.0,3.0,0.0,134.0,1.0,random_forest
507,21.0,0.624,0.0,1.0,0.0,2.0,0.0,3.0,10000.0,3.0,1.0,264.0,1.0,random_forest
508,74.0,0.579,0.0,1.0,0.0,2.0,0.0,5.0,1540.0,2.0,1.0,4.0,1.0,random_forest
509,67.0,0.855,0.0,1.0,0.0,2.0,0.0,10.0,1931.0,2.0,4.0,108.0,0.0,logistic_regression
510,103.0,0.92,1.0,1.0,0.0,3.0,0.0,21.0,2738.0,3.0,5.0,18.0,0.0,logistic_regression
511,21.0,0.624,0.0,1.0,0.0,3.0,0.0,1.0,50.0,3.0,1.0,20.0,0.0,logistic_regression
512,103.0,0.92,0.0,0.0,2.0,2.0,0.0,9.0,2352.0,3.0,0.0,50.0,1.0,random_forest
513,21.0,0.624,0.0,0.0,2.0,1.0,0.0,3.0,1725.0,3.0,0.0,28.0,1.0,random_forest
514,21.0,0.624,1.0,1.0,0.0,2.0,0.0,4.0,50.0,1.0,1.0,172.0,1.0,random_forest
515,21.0,0.624,0.0,1.0,0.0,2.0,0.0,5.0,10000.0,3.0,2.0,150.0,0.0,logistic_regression
516,21.0,0.624,0.0,0.0,1.0,1.0,0.0,2.0,1668.0,3.0,0.0,24.0,0.0,logistic_regression
517,64.0,0.6659999999999999,0.0,1.0,0.0,2.0,0.0,14.0,1898.0,2.0,2.0,50.0,1.0,random_forest
518,103.0,0.92,1.0,0.0,2.0,3.0,0.0,11.0,2625.0,3.0,1.0,58.0,0.0,logistic_regression
519,46.0,0.762,0.0,1.0,2.0,2.0,0.0,5.0,10000.0,5.0,0.0,58.0,0.0,random_forest
520,21.0,0.624,0.0,0.0,2.0,2.0,0.0,4.0,1711.0,3.0,0.0,28.0,0.0,random_forest
521,84.0,0.698,0.0,1.0,0.0,3.0,0.0,10.0,2394.0,3.0,5.0,46.0,1.0,random_forest
522,21.0,0.624,0.0,1.0,2.0,2.0,0.0,3.0,10000.0,4.0,1.0,55.0,0.0,random_forest
523,21.0,0.624,0.0,1.0,2.0,2.0,0.0,3.0,1303.0,2.0,5.0,132.0,1.0,logistic_regression
524,21.0,0.624,0.0,1.0,0.0,2.0,0.0,3.0,10.0,2.0,1.0,15.0,1.0,random_forest
525,21.0,0.624,1.0,1.0,0.0,2.0,0.0,3.0,100.0,3.0,1.0,52.0,0.0,logistic_regression
526,145.0,0.555,0.0,0.0,1.0,2.0,0.0,11.0,2381.0,3.0,5.0,140.0,1.0,random_forest
527,103.0,0.92,0.0,1.0,2.0,2.0,0.0,3.0,1698.0,2.0,1.0,108.0,1.0,random_forest
528,19.0,0.682,1.0,0.0,0.0,2.0,0.0,12.0,2521.0,2.0,0.0,59.0,1.0,random_forest
529,145.0,0.555,0.0,1.0,0.0,2.0,0.0,8.0,1.0,2.0,0.0,12.0,0.0,logistic_regression
530,160.0,0.92,0.0,1.0,0.0,3.0,0.0,21.0,2288.0,2.0,1.0,152.0,1.0,random_forest
531,21.0,0.624,0.0,1.0,0.0,2.0,0.0,9.0,50.0,3.0,1.0,52.0,1.0,random_forest
532,141.0,0.763,0.0,0.0,1.0,2.0,0.0,2.0,1906.0,3.0,2.0,25.0,0.0,logistic_regression
533,103.0,0.92,0.0,1.0,0.0,2.0,3.0,3.0,1498.0,2.0,1.0,58.0,1.0,random_forest
534,21.0,0.624,0.0,1.0,0.0,2.0,1.0,14.0,1.0,3.0,1.0,87.0,1.0,random_forest
535,21.0,0.624,0.0,1.0,0.0,3.0,0.0,21.0,2508.0,2.0,3.0,20.0,1.0,random_forest
536,21.0,0.624,0.0,1.0,2.0,3.0,0.0,4.0,50.0,3.0,1.0,28.0,1.0,logistic_regression
537,21.0,0.624,0.0,1.0,0.0,2.0,0.0,4.0,1000.0,3.0,1.0,52.0,0.0,logistic_regression
538,21.0,0.624,0.0,0.0,2.0,2.0,0.0,0.0,1688.0,3.0,0.0,23.0,0.0,random_forest
539,16.0,0.91,0.0,0.0,0.0,2.0,5.0,7.0,2408.0,4.0,2.0,21.0,0.0,logistic_regression
540,155.0,0.556,0.0,0.0,0.0,2.0,0.0,6.0,10.0,4.0,1.0,46.0,1.0,random_forest
541,103.0,0.92,0.0,0.0,0.0,3.0,0.0,16.0,3064.0,3.0,5.0,60.0,0.0,logistic_regression
542,46.0,0.762,0.0,1.0,1.0,2.0,0.0,3.0,1775.0,2.0,2.0,47.0,1.0,random_forest
543,145.0,0.555,0.0,1.0,0.0,2.0,0.0,2.0,50.0,3.0,1.0,145.0,0.0,logistic_regression
544,158.0,0.7659999999999999,0.0,0.0,2.0,2.0,0.0,3.0,1946.0,3.0,1.0,210.0,1.0,random_forest
545,74.0,0.579,0.0,1.0,0.0,2.0,0.0,5.0,10.0,3.0,3.0,39.0,0.0,logistic_regression
546,21.0,0.624,0.0,1.0,1.0,2.0,0.0,3.0,10.0,3.0,2.0,15.0,0.0,logistic_regression
547,21.0,0.624,0.0,1.0,2.0,2.0,0.0,2.0,10.0,5.0,2.0,101.0,0.0,random_forest
548,103.0,0.92,0.0,0.0,0.0,3.0,0.0,14.0,2925.0,3.0,1.0,5.0,1.0,random_forest
549,103.0,0.92,0.0,1.0,0.0,2.0,0.0,4.0,1824.0,2.0,1.0,35.0,1.0,random_forest
550,21.0,0.624,0.0,1.0,0.0,2.0,0.0,5.0,1636.0,2.0,1.0,75.0,1.0,random_forest
551,21.0,0.624,0.0,0.0,0.0,2.0,0.0,6.0,100.0,1.0,1.0,17.0,1.0,random_forest
552,21.0,0.624,0.0,1.0,0.0,2.0,0.0,3.0,10000.0,3.0,2.0,154.0,1.0,random_forest
553,21.0,0.624,0.0,1.0,0.0,3.0,0.0,5.0,1.0,2.0,2.0,44.0,0.0,logistic_regression
554,100.0,0.887,0.0,0.0,0.0,2.0,0.0,0.0,2157.0,3.0,0.0,56.0,1.0,random_forest
555,41.0,0.8270000000000001,2.0,0.0,2.0,2.0,0.0,10.0,3217.0,4.0,1.0,50.0,1.0,random_forest
556,21.0,0.624,0.0,1.0,0.0,2.0,0.0,2.0,50.0,2.0,2.0,14.0,1.0,random_forest
557,21.0,0.624,0.0,1.0,0.0,2.0,0.0,4.0,100.0,3.0,2.0,43.0,1.0,random_forest
558,21.0,0.624,0.0,0.0,0.0,2.0,0.0,1.0,10.0,3.0,1.0,80.0,1.0,random_forest
559,103.0,0.92,0.0,0.0,0.0,3.0,0.0,21.0,3451.0,3.0,5.0,47.0,1.0,random_forest
560,16.0,0.91,0.0,1.0,0.0,2.0,1.0,21.0,10000.0,3.0,5.0,57.0,0.0,logistic_regression
561,21.0,0.624,0.0,0.0,0.0,1.0,0.0,7.0,2138.0,2.0,0.0,46.0,1.0,random_forest
562,103.0,0.92,0.0,1.0,0.0,3.0,0.0,21.0,2775.0,3.0,5.0,210.0,1.0,random_forest
563,103.0,0.92,0.0,1.0,0.0,2.0,2.0,3.0,1689.0,2.0,2.0,22.0,1.0,random_forest
564,21.0,0.624,0.0,1.0,2.0,2.0,0.0,2.0,50.0,1.0,1.0,19.0,1.0,random_forest
565,21.0,0.624,0.0,1.0,0.0,3.0,0.0,4.0,50.0,3.0,0.0,54.0,1.0,random_forest
566,74.0,0.579,0.0,0.0,2.0,2.0,0.0,0.0,1528.0,3.0,0.0,31.0,0.0,random_forest
567,11.0,0.55,0.0,1.0,2.0,1.0,0.0,3.0,1085.0,2.0,1.0,268.0,1.0,random_forest
568,16.0,0.91,2.0,0.0,1.0,1.0,1.0,1.0,2295.0,2.0,0.0,34.0,1.0,random_forest
569,21.0,0.624,0.0,0.0,2.0,3.0,0.0,3.0,1947.0,3.0,0.0,30.0,0.0,random_forest
570,102.0,0.804,0.0,0.0,0.0,2.0,4.0,6.0,1899.0,3.0,1.0,26.0,1.0,random_forest
571,103.0,0.92,0.0,1.0,0.0,2.0,0.0,1.0,1791.0,2.0,1.0,24.0,1.0,random_forest
572,21.0,0.624,0.0,1.0,0.0,2.0,0.0,9.0,1000.0,3.0,0.0,8.0,1.0,random_forest
573,103.0,0.92,0.0,0.0,2.0,3.0,0.0,14.0,2715.0,3.0,0.0,40.0,1.0,random_forest
574,160.0,0.92,0.0,1.0,0.0,2.0,0.0,20.0,2238.0,2.0,3.0,70.0,1.0,random_forest
575,21.0,0.624,0.0,1.0,1.0,2.0,0.0,4.0,1867.0,2.0,4.0,114.0,1.0,random_forest
576,103.0,0.92,0.0,1.0,0.0,2.0,0.0,7.0,1765.0,2.0,3.0,132.0,0.0,logistic_regression
577,21.0,0.624,0.0,1.0,0.0,2.0,0.0,9.0,10000.0,3.0,5.0,135.0,1.0,random_forest
578,100.0,0.887,0.0,0.0,0.0,3.0,1.0,0.0,2469.0,3.0,1.0,150.0,1.0,random_forest
579,101.0,0.5579999999999999,0.0,1.0,0.0,2.0,0.0,3.0,100.0,3.0,5.0,87.0,1.0,random_forest
580,21.0,0.624,0.0,1.0,0.0,2.0,0.0,4.0,1742.0,2.0,2.0,15.0,1.0,random_forest
581,21.0,0.624,0.0,1.0,0.0,3.0,0.0,7.0,50.0,3.0,0.0,73.0,1.0,random_forest
582,21.0,0.624,0.0,1.0,0.0,2.0,0.0,8.0,10000.0,3.0,2.0,107.0,0.0,logistic_regression
583,21.0,0.624,0.0,1.0,0.0,2.0,0.0,4.0,50.0,3.0,0.0,23.0,0.0,logistic_regression
584,21.0,0.624,0.0,0.0,2.0,2.0,0.0,3.0,100.0,3.0,1.0,50.0,1.0,logistic_regression
585,103.0,0.92,0.0,0.0,2.0,2.0,0.0,7.0,2408.0,3.0,1.0,6.0,1.0,random_forest
586,160.0,0.92,0.0,1.0,0.0,2.0,0.0,21.0,2466.0,3.0,5.0,26.0,1.0,random_forest
587,21.0,0.624,0.0,0.0,0.0,0.0,0.0,0.0,1444.0,2.0,0.0,23.0,1.0,random_forest
588,21.0,0.624,0.0,1.0,0.0,2.0,0.0,5.0,100.0,3.0,1.0,42.0,0.0,logistic_regression
589,103.0,0.92,0.0,1.0,0.0,2.0,2.0,8.0,1787.0,2.0,2.0,34.0,1.0,random_forest
590,21.0,0.624,1.0,1.0,0.0,2.0,0.0,12.0,50.0,3.0,0.0,10.0,0.0,logistic_regression
591,11.0,0.55,0.0,1.0,0.0,2.0,0.0,1.0,100.0,3.0,1.0,145.0,1.0,random_forest
592,21.0,0.624,0.0,1.0,0.0,2.0,0.0,3.0,100.0,3.0,1.0,20.0,0.0,logistic_regression
593,103.0,0.92,0.0,1.0,0.0,3.0,2.0,21.0,2241.0,2.0,1.0,13.0,1.0,random_forest
594,21.0,0.624,0.0,0.0,0.0,2.0,0.0,8.0,2287.0,3.0,1.0,111.0,1.0,random_forest
595,103.0,0.92,0.0,1.0,0.0,2.0,1.0,2.0,1697.0,2.0,1.0,42.0,1.0,random_forest
596,21.0,0.624,0.0,0.0,0.0,2.0,0.0,2.0,2205.0,3.0,1.0,15.0,1.0,random_forest
597,21.0,0.624,0.0,1.0,0.0,2.0,0.0,6.0,1.0,1.0,1.0,88.0,0.0,logistic_regression
598,21.0,0.624,0.0,0.0,2.0,2.0,0.0,0.0,1679.0,3.0,1.0,154.0,0.0,random_forest
599,21.0,0.624,0.0,1.0,2.0,3.0,0.0,1.0,500.0,3.0,1.0,20.0,1.0,logistic_regression
600,21.0,0.624,0.0,1.0,0.0,2.0,0.0,5.0,1618.0,2.0,1.0,139.0,1.0,random_forest
601,21.0,0.624,0.0,1.0,0.0,2.0,0.0,6.0,10000.0,3.0,2.0,58.0,0.0,logistic_regression
602,160.0,0.92,0.0,0.0,2.0,2.0,0.0,11.0,2361.0,3.0,1.0,48.0,1.0,random_forest
603,21.0,0.624,0.0,1.0,0.0,3.0,5.0,5.0,50.0,3.0,1.0,72.0,0.0,logistic_regression
604,16.0,0.91,2.0,0.0,2.0,2.0,3.0,8.0,2275.0,3.0,1.0,48.0,0.0,logistic_regression
605,21.0,0.624,0.0,1.0,2.0,3.0,0.0,8.0,100.0,3.0,2.0,41.0,1.0,logistic_regression
606,103.0,0.92,0.0,1.0,0.0,2.0,0.0,21.0,2571.0,3.0,5.0,40.0,1.0,random_forest
607,21.0,0.624,0.0,0.0,2.0,2.0,0.0,5.0,1786.0,3.0,0.0,34.0,0.0,random_forest
608,103.0,0.92,0.0,0.0,0.0,3.0,0.0,15.0,3324.0,3.0,5.0,109.0,1.0,random_forest
609,21.0,0.624,0.0,1.0,0.0,2.0,0.0,4.0,100.0,3.0,2.0,94.0,1.0,random_forest
610,162.0,0.767,0.0,0.0,1.0,3.0,0.0,4.0,2445.0,3.0,2.0,74.0,1.0,random_forest
611,160.0,0.92,0.0,1.0,0.0,2.0,0.0,13.0,2279.0,3.0,5.0,47.0,1.0,random_forest
612,162.0,0.767,0.0,0.0,2.0,2.0,0.0,5.0,2065.0,3.0,1.0,17.0,1.0,random_forest
613,11.0,0.55,0.0,1.0,0.0,2.0,0.0,8.0,1.0,2.0,0.0,129.0,0.0,logistic_regression
614,21.0,0.624,0.0,1.0,0.0,3.0,0.0,15.0,10000.0,3.0,1.0,75.0,0.0,logistic_regression
615,78.0,0.579,0.0,0.0,0.0,1.0,0.0,2.0,1722.0,2.0,1.0,20.0,1.0,random_forest
616,23.0,0.899,0.0,0.0,1.0,2.0,0.0,4.0,2420.0,3.0,0.0,18.0,1.0,random_forest
617,160.0,0.92,0.0,1.0,0.0,2.0,0.0,21.0,2452.0,3.0,5.0,83.0,1.0,random_forest
618,21.0,0.624,0.0,1.0,0.0,2.0,0.0,5.0,10.0,2.0,2.0,5.0,1.0,random_forest
619,21.0,0.624,0.0,0.0,2.0,3.0,0.0,4.0,2029.0,3.0,0.0,121.0,0.0,random_forest
620,21.0,0.624,0.0,0.0,0.0,2.0,0.0,9.0,2368.0,3.0,1.0,13.0,1.0,random_forest
621,21.0,0.624,0.0,1.0,0.0,3.0,0.0,5.0,10.0,3.0,2.0,52.0,1.0,random_forest
622,160.0,0.92,0.0,0.0,2.0,2.0,0.0,2.0,2188.0,3.0,1.0,19.0,1.0,random_forest
623,16.0,0.91,0.0,0.0,1.0,2.0,0.0,7.0,2637.0,3.0,1.0,4.0,1.0,random_forest
624,103.0,0.92,0.0,1.0,2.0,2.0,0.0,5.0,1752.0,2.0,1.0,76.0,1.0,random_forest
625,21.0,0.624,0.0,1.0,0.0,3.0,0.0,3.0,50.0,3.0,0.0,168.0,1.0,random_forest
626,67.0,0.855,0.0,0.0,0.0,1.0,0.0,7.0,2377.0,3.0,1.0,80.0,1.0,random_forest
627,70.0,0.698,0.0,1.0,2.0,2.0,0.0,4.0,1558.0,2.0,1.0,11.0,1.0,random_forest
628,21.0,0.624,0.0,1.0,1.0,2.0,0.0,3.0,10.0,3.0,1.0,198.0,0.0,logistic_regression
629,21.0,0.624,0.0,0.0,2.0,1.0,0.0,7.0,1816.0,3.0,0.0,17.0,1.0,random_forest
630,21.0,0.624,0.0,0.0,2.0,1.0,0.0,5.0,1782.0,3.0,1.0,222.0,1.0,random_forest
631,21.0,0.624,0.0,0.0,2.0,1.0,0.0,3.0,1835.0,3.0,1.0,35.0,1.0,random_forest
632,73.0,0.754,1.0,1.0,1.0,2.0,0.0,8.0,2068.0,2.0,3.0,57.0,1.0,random_forest
633,21.0,0.624,0.0,1.0,0.0,2.0,0.0,18.0,2331.0,2.0,5.0,12.0,1.0,random_forest
634,41.0,0.8270000000000001,0.0,0.0,1.0,2.0,0.0,9.0,2707.0,3.0,3.0,8.0,1.0,random_forest
635,103.0,0.92,0.0,1.0,0.0,2.0,0.0,21.0,10000.0,3.0,5.0,79.0,0.0,logistic_regression
636,173.0,0.878,0.0,0.0,2.0,2.0,0.0,7.0,2201.0,3.0,1.0,52.0,1.0,random_forest
637,21.0,0.624,0.0,0.0,0.0,3.0,5.0,15.0,2766.0,4.0,3.0,95.0,1.0,random_forest
638,103.0,0.92,0.0,0.0,0.0,2.0,0.0,5.0,2556.0,3.0,2.0,19.0,1.0,random_forest
639,21.0,0.624,0.0,1.0,0.0,2.0,0.0,5.0,1590.0,2.0,1.0,180.0,1.0,random_forest
640,21.0,0.624,0.0,0.0,2.0,2.0,0.0,4.0,1756.0,3.0,0.0,55.0,0.0,random_forest
641,11.0,0.55,0.0,1.0,0.0,2.0,0.0,2.0,10.0,3.0,1.0,48.0,1.0,random_forest
642,21.0,0.624,0.0,1.0,0.0,2.0,0.0,3.0,50.0,3.0,2.0,50.0,0.0,logistic_regression
643,21.0,0.624,0.0,1.0,0.0,2.0,0.0,6.0,10.0,2.0,1.0,39.0,0.0,logistic_regression
644,21.0,0.624,0.0,1.0,0.0,2.0,0.0,10.0,100.0,3.0,0.0,17.0,0.0,logistic_regression
645,136.0,0.897,0.0,0.0,2.0,2.0,0.0,1.0,2086.0,3.0,0.0,84.0,1.0,random_forest
646,103.0,0.92,0.0,1.0,0.0,2.0,0.0,21.0,2587.0,3.0,5.0,27.0,1.0,random_forest
647,16.0,0.91,0.0,0.0,2.0,2.0,0.0,8.0,2567.0,3.0,1.0,52.0,1.0,random_forest
648,21.0,0.624,0.0,0.0,0.0,2.0,0.0,2.0,50.0,5.0,1.0,50.0,1.0,random_forest
649,21.0,0.624,0.0,1.0,0.0,3.0,0.0,6.0,1.0,3.0,4.0,34.0,1.0,random_forest
650,21.0,0.624,0.0,1.0,0.0,2.0,0.0,3.0,100.0,3.0,2.0,61.0,0.0,logistic_regression
651,103.0,0.92,0.0,1.0,0.0,2.0,0.0,6.0,1863.0,2.0,1.0,39.0,1.0,random_forest
652,90.0,0.698,0.0,1.0,0.0,4.0,0.0,10.0,1970.0,2.0,1.0,74.0,0.0,logistic_regression
653,74.0,0.579,0.0,0.0,2.0,2.0,0.0,3.0,1573.0,3.0,0.0,68.0,0.0,random_forest
654,103.0,0.92,0.0,0.0,2.0,2.0,0.0,6.0,2340.0,3.0,1.0,114.0,1.0,random_forest
655,73.0,0.754,0.0,1.0,0.0,2.0,0.0,5.0,1711.0,2.0,1.0,24.0,1.0,random_forest
656,21.0,0.624,0.0,1.0,0.0,2.0,0.0,1.0,1380.0,2.0,0.0,162.0,1.0,random_forest
657,103.0,0.92,1.0,0.0,2.0,2.0,0.0,9.0,2491.0,3.0,0.0,40.0,1.0,random_forest
658,73.0,0.754,0.0,0.0,2.0,2.0,0.0,8.0,2674.0,3.0,5.0,44.0,1.0,random_forest
659,21.0,0.624,0.0,1.0,0.0,3.0,0.0,5.0,50.0,3.0,2.0,107.0,0.0,logistic_regression
660,46.0,0.762,0.0,0.0,1.0,2.0,0.0,5.0,2327.0,3.0,1.0,32.0,1.0,random_forest
661,21.0,0.624,0.0,0.0,0.0,2.0,0.0,0.0,1.0,3.0,1.0,21.0,0.0,logistic_regression
662,21.0,0.624,0.0,1.0,2.0,2.0,0.0,18.0,1922.0,2.0,2.0,44.0,1.0,random_forest
663,101.0,0.5579999999999999,0.0,0.0,2.0,1.0,0.0,4.0,1.0,2.0,1.0,87.0,0.0,logistic_regression
664,21.0,0.624,0.0,1.0,0.0,2.0,0.0,10.0,50.0,3.0,1.0,90.0,0.0,logistic_regression
665,21.0,0.624,0.0,0.0,2.0,2.0,0.0,1.0,1626.0,3.0,0.0,94.0,0.0,random_forest
666,21.0,0.624,0.0,0.0,2.0,2.0,0.0,0.0,50.0,2.0,1.0,50.0,1.0,logistic_regression
667,21.0,0.624,0.0,1.0,0.0,4.0,0.0,21.0,2938.0,3.0,5.0,36.0,1.0,random_forest
668,21.0,0.624,0.0,1.0,0.0,2.0,0.0,0.0,500.0,3.0,1.0,39.0,1.0,random_forest
669,21.0,0.624,0.0,1.0,0.0,2.0,0.0,3.0,50.0,2.0,1.0,118.0,1.0,random_forest
670,16.0,0.91,0.0,0.0,0.0,1.0,0.0,2.0,2102.0,2.0,0.0,59.0,1.0,random_forest
671,21.0,0.624,0.0,1.0,0.0,2.0,0.0,1.0,1.0,3.0,1.0,31.0,1.0,random_forest
672,21.0,0.624,0.0,0.0,2.0,1.0,0.0,6.0,1782.0,3.0,0.0,44.0,1.0,random_forest
673,71.0,0.884,0.0,0.0,2.0,2.0,0.0,7.0,2314.0,3.0,0.0,38.0,1.0,random_forest
674,160.0,0.92,0.0,1.0,0.0,2.0,0.0,1.0,1654.0,2.0,1.0,26.0,1.0,random_forest
675,21.0,0.624,0.0,1.0,0.0,3.0,0.0,5.0,2083.0,3.0,2.0,12.0,1.0,random_forest
676,11.0,0.55,0.0,1.0,2.0,0.0,0.0,0.0,1.0,2.0,0.0,62.0,1.0,random_forest
677,21.0,0.624,0.0,1.0,0.0,2.0,0.0,2.0,10000.0,3.0,1.0,58.0,1.0,random_forest
678,21.0,0.624,0.0,1.0,0.0,2.0,0.0,6.0,500.0,3.0,0.0,81.0,1.0,random_forest
679,21.0,0.624,0.0,1.0,0.0,2.0,0.0,8.0,10.0,2.0,2.0,90.0,1.0,random_forest
680,16.0,0.91,0.0,0.0,2.0,2.0,0.0,6.0,2509.0,3.0,1.0,90.0,1.0,random_forest
681,103.0,0.92,0.0,1.0,0.0,2.0,0.0,9.0,2006.0,2.0,2.0,82.0,1.0,random_forest
682,21.0,0.624,0.0,1.0,0.0,2.0,0.0,6.0,5000.0,3.0,1.0,23.0,0.0,logistic_regression
683,101.0,0.5579999999999999,0.0,0.0,0.0,2.0,0.0,1.0,100.0,2.0,1.0,92.0,0.0,logistic_regression
684,103.0,0.92,0.0,1.0,0.0,2.0,0.0,21.0,2560.0,3.0,5.0,65.0,1.0,random_forest
685,83.0,0.923,0.0,0.0,1.0,2.0,0.0,9.0,2940.0,3.0,5.0,4.0,1.0,random_forest
686,21.0,0.624,0.0,0.0,2.0,2.0,0.0,1.0,100.0,3.0,1.0,52.0,1.0,logistic_regression
687,103.0,0.92,0.0,1.0,0.0,3.0,0.0,6.0,1884.0,2.0,1.0,45.0,0.0,logistic_regression
688,11.0,0.55,0.0,1.0,0.0,2.0,0.0,2.0,100.0,3.0,1.0,55.0,0.0,logistic_regression
689,45.0,0.89,0.0,0.0,2.0,2.0,0.0,4.0,2404.0,3.0,1.0,107.0,1.0,random_forest
690,103.0,0.92,1.0,0.0,2.0,2.0,0.0,10.0,3301.0,4.0,5.0,112.0,1.0,random_forest
691,67.0,0.855,0.0,0.0,0.0,2.0,0.0,2.0,2371.0,3.0,1.0,56.0,1.0,random_forest
692,103.0,0.92,0.0,1.0,0.0,2.0,0.0,21.0,2583.0,3.0,5.0,14.0,1.0,random_forest
693,136.0,0.897,0.0,0.0,2.0,2.0,0.0,2.0,2127.0,3.0,0.0,37.0,1.0,random_forest
694,7.0,0.647,0.0,0.0,2.0,2.0,0.0,4.0,1777.0,3.0,0.0,133.0,0.0,random_forest
695,21.0,0.624,1.0,1.0,1.0,2.0,0.0,18.0,10.0,2.0,0.0,38.0,0.0,logistic_regression
696,102.0,0.804,0.0,0.0,0.0,2.0,0.0,15.0,2933.0,3.0,5.0,43.0,1.0,random_forest
697,103.0,0.92,0.0,0.0,0.0,2.0,4.0,7.0,2356.0,3.0,4.0,24.0,1.0,random_forest
698,21.0,0.624,0.0,1.0,0.0,2.0,0.0,5.0,5000.0,3.0,2.0,196.0,1.0,random_forest
699,21.0,0.624,1.0,1.0,0.0,2.0,0.0,11.0,500.0,3.0,1.0,56.0,1.0,random_forest
700,21.0,0.624,0.0,1.0,0.0,2.0,0.0,21.0,100.0,3.0,2.0,55.0,0.0,logistic_regression
701,21.0,0.624,0.0,1.0,0.0,2.0,0.0,0.0,50.0,3.0,1.0,74.0,0.0,logistic_regression
702,21.0,0.624,0.0,1.0,0.0,2.0,0.0,7.0,1577.0,3.0,2.0,65.0,0.0,logistic_regression
703,21.0,0.624,0.0,1.0,0.0,2.0,0.0,7.0,10000.0,3.0,1.0,8.0,1.0,random_forest
704,21.0,0.624,0.0,0.0,2.0,2.0,0.0,7.0,1781.0,3.0,0.0,51.0,0.0,random_forest
705,21.0,0.624,0.0,1.0,0.0,2.0,0.0,21.0,1918.0,2.0,1.0,182.0,1.0,random_forest
