Date	BTC	GOLD	S&P500
2020-03-18	5363.8228532507	1477.9	2401.4
2020-03-17	5465.582594124	1524.9	2485.5
2020-03-16	4944.7023359837	1486.5	2405.3
2020-03-13	5672.6812010316	1516.7	2683.9
2020-03-12	5800.2089048343	1590.3	2468.9
2020-03-11	7955.3062841815	1642.3	2740.3
2020-03-10	7959.2282742121	1659.1	2865.8
2020-03-09	7875.7508752183	1675.7	2747.7
2020-03-06	9126.6368222216	1672.4	2964.1
2020-03-05	9078.5787771302	1666.4	3015.5
2020-03-04	8756.9610624113	1643	3114.7
2020-03-03	8791.1120581303	1642.1	2997.1
2020-03-02	8923.0443982559	1592.3	3065.1
2020-02-28	8778.4705108021	1564.1	2951.1
2020-02-27	8784.9953524383	1642.5	2956.9
2020-02-26	8787.9783631624	1643.1	3110.2
2020-02-25	9392.8696287195	1650	3132.6
2020-02-24	9640.4695050585	1676.6	3226.3
2020-02-21	9670.8586543715	1644.6	3339.3
2020-02-20	9631.4849459561	1620.5	3369.2
2020-02-19	9701.0371914987	1611.8	3387.2
2020-02-18	10189.9959829746	1600	3369.3
2020-02-14	10367.5279981077	1582.7	3380.9
2020-02-13	10218.0997373046	1578.8	3377.4
2020-02-12	10364.9262882252	1571.6	3380.5
2020-02-11	10236.6351482326	1565.6	3357.6
2020-02-10	9838.9000162764	1579.5	3353
2020-02-07	9795.3440659492	1568.6	3325.5
2020-02-06	9681.3774113095	1570	3345.2
2020-02-05	9625.4566372011	1562.8	3335
2020-02-04	9177.8946372066	1555.5	3299.5
2020-02-03	9269.7070348447	1582.4	3245.6
2020-01-31	9388.8807518859	1582.9	3224
2020-01-30	9545.0779565894	1589.2	3289.7
2020-01-29	9320.9784062486	1576	3272.4
2020-01-28	9131.1149880642	1575.8	3278.3
2020-01-27	8881.9623914604	1583.7	3239.6
2020-01-24	8451.2322960209	1571.1	3293.5
2020-01-23	8384.0887767671	1571.6	3326
2020-01-22	8635.0743569587	1556.7	3319.8
2020-01-21	8708.786013433	1556.4	3319.5
2020-01-17	8925.2990284456	1558.8	3324.9
2020-01-16	8711.6375778988	1550.5	3316.4
2020-01-15	8843.6757322237	1554	3293.8
2020-01-14	8735.1424391365	1544.6	3287.9
2020-01-13	8116.9610079465	1550.6	3289.7
2020-01-10	8087.4528852359	1557.5	3264.7
2020-01-09	7808.7013638165	1554.3	3275.9
2020-01-08	8067.6063690564	1560.2	3260.2
2020-01-07	8039.6037008183	1574.3	3235.3
2020-01-06	7713.8607536496	1568.8	3243.6
2020-01-03	7291.2195053189	1549.2	3235.4
2020-01-02	6955.4875796712	1528.1	3259
2019-12-31	7179.9578192867	1519.5	3231.1
2019-12-30	7251.2767943228	1518.6	3223.4
2019-12-27	7227.2937116818	1518.1	3237.6
2019-12-26	7183.7065360296	1514.4	3244.4
2019-12-24	7235.6266504955	1499.1	3225.7
2019-12-23	7166.1723785327	1488.7	3227.2
2019-12-20	7139.9333705301	1474.7	3225.7
2019-12-19	7147.5683237876	1478.2	3211.7
2019-12-18	7424.0154002314	1478.7	3199.3
2019-12-17	6584.0288433458	1480.6	3195.4
2019-12-16	6883.4963937703	1480.5	3198.4
2019-12-13	7238.8743229875	1475.6	3175.2
2019-12-12	7190.2723692612	1472.3	3167.9
2019-12-11	7198.0666770463	1475	3143.1
2019-12-10	7239.762575441	1462.6	3136
2019-12-09	7333.0960431601	1464.9	3134.5
2019-12-06	7511.8805831153	1459.1	3146.1
2019-12-05	7398.7870496069	1483.1	3117.7
2019-12-04	7213.7337617194	1480.2	3111.1
2019-12-03	7315.3677645579	1478.2	3091.1
2019-12-02	7333.4329304881	1469.2	3114.2
2019-11-29	7729.265938935	1472.7	3143.7
2019-11-27	7523.4806726005	1453.4	3153.8
2019-11-26	7141.0694486947	1467.4	3143.7
2019-11-25	7211.8618087461	1463.8	3132.7
2019-11-22	7262.1105349483	1468.8	3111.6
2019-11-21	7612.7405735024	1470.5	3103.9
2019-11-20	8074.8431736099	1470	3109
2019-11-19	8118.4885358003	1473.3	3118.5
2019-11-18	8205.8063659942	1471.9	3121.8
2019-11-15	8500.6435581622	1467.3	3118.3
2019-11-14	8656.970922354	1473.4	3096.9
2019-11-13	8749.520591019	1463.3	3095.6
2019-11-12	8760.8927181435	1452.1	3091.9
2019-11-11	8711.5343391679	1457.1	3087.4
2019-11-08	8794.3586445233	1461.3	3090.6
2019-11-07	9226.4858208826	1464.2	3085.9
2019-11-06	9335.7524023305	1493.1	3075.6
2019-11-05	9326.5996237841	1483.7	3071.9
2019-11-04	9369.6280811552	1511.1	3075.7
2019-11-01	9197.6323446207	1508	3063.2
2019-10-31	9131.4106303055	1514.8	3035.8
2019-10-30	9225.9954793378	1493.2	3047.8
2019-10-29	9455.7246926058	1490.7	3035.7
2019-10-28	9458.2233596272	1495.8	3036.3
2019-10-25	8591.2238974163	1499.5	3020.3
2019-10-24	7460.6174159279	1504.7	3004.2
2019-10-23	7420.4158364928	1495.7	3005.7
2019-10-22	8073.4095438836	1487.5	2994.5
2019-10-21	8200.2460994923	1488.1	3006.5
2019-10-18	7970.2394756046	1488.2	2988.2
2019-10-17	8058.0580811125	1498.3	2997.9
2019-10-16	8003.8203947876	1494	2991.4
2019-10-14	8337.8189985374	1497.6	2965.5
2019-10-11	8320.1715813968	1488.7	2970.8
2019-10-10	8582.1445177037	1500.9	2941.1
2019-10-09	8572.3808124348	1512.8	2918.9
2019-10-08	8201.6378181926	1497.2	2892.6
2019-10-07	8236.2083793045	1504.4	2937.5
2019-10-04	8163.9026381024	1506.2	2951
2019-10-03	8203.8438327979	1513.8	2911.8
2019-10-02	8273.4640176573	1501	2880.6
2019-10-01	8333.6891904217	1489	2937.8
2019-09-30	8241.3414700027	1472.9	2978.5
2019-09-27	8195.2106969967	1506.4	2963.8
2019-09-26	8103.2108995944	1515.2	2980.5
2019-09-25	8438.7085524873	1512.3	2986.3
2019-09-24	8688.9735259572	1532.1	2970.2
2019-09-23	9719.7186961077	1531.5	2997.1
2019-09-20	10138.3352052234	1507.3	2989.5
2019-09-19	10223.5055788024	1506.2	3007.9
2019-09-18	10168.2877093815	1515.8	3008.6
2019-09-17	10231.4215119596	1513.4	3007.9
2019-09-16	10301.6596516938	1503.1	3001.5
2019-09-13	10299.4769604855	1490.9	3008.6
2019-09-12	10396.7672047403	1507.4	3011.8
2019-09-11	10152.7529840771	1503.2	3002
2019-09-10	10082.9468264833	1499.2	2978.5
2019-09-09	10332.9421881057	1511.1	2978.2
2019-09-06	10334.0238858467	1506.2	2980.8
2019-09-05	10576.3178915251	1525.5	2972
2019-09-04	10555.0469008368	1560.4	2938.5
2019-09-03	10691.31129913	1555.9	2905.9
2019-08-30	9590.7363369227	1529.2	2942
2019-08-29	9487.9764335192	1536.9	2926.7
2019-08-28	9743.1620510451	1549.1	2889.8
2019-08-27	10122.1965329581	1551.8	2865.4
2019-08-26	10312.2150398496	1537.2	2883.3
2019-08-23	10364.2813536875	1537.6	2855.6
2019-08-22	10161.1647494901	1497.3	2922.3
2019-08-21	10064.9167944793	1515.7	2929.2
2019-08-20	10818.5070076193	1515.7	2898.2
2019-08-19	10774.8103058331	1511.6	2923.7
2019-08-16	10388.4505925604	1523.6	2891.5
2019-08-15	10386.5395500195	1531.2	2848.6
2019-08-14	10211.4985816982	1527.8	2840.7
2019-08-13	10869.3791128623	1514.1	2932
2019-08-12	11391.9686539038	1517.2	2880.3
2019-08-09	11827.5745716918	1508.5	2919.7
2019-08-08	11817.4554825164	1509.5	2940.1
2019-08-07	11956.0472230184	1507.3	2880.6
2019-08-06	11310.187223605	1484.2	2876
2019-08-05	11811.7870541507	1464.6	2830.1
2019-08-02	10513.9114715942	1457.5	2932.4
2019-08-01	10385.2006061246	1432.4	2951.9
2019-07-31	10005.2944733245	1437.8	2982.3
2019-07-30	9572.735371803	1441.8	3012.3
2019-07-29	9506.704273142	1433.3	3021.8
2019-07-26	9812.2263505784	1432.2	3024.5
2019-07-25	9897.4293515161	1427.5	3006.5
2019-07-24	9771.5047613175	1436.5	3021.6
2019-07-23	10027.5326122485	1421.7	3008
2019-07-22	10285.6392306749	1426.9	2989
2019-07-19	10466.2609381509	1426.7	2976.9
2019-07-18	10603.3488731713	1428.1	2997.6
2019-07-17	9733.1321340919	1421.3	2985
2019-07-16	9490.4105157548	1411.2	3007
2019-07-15	10934.4827395525	1413.5	3017.3
2019-07-12	11802.9599635884	1412.2	3015.4
2019-07-11	11324.1446969751	1406.7	3003.9
2019-07-10	12054.1837934894	1412.5	2997.4
2019-07-09	12575.904067439	1400.5	2982.1
2019-07-08	12335.9993946484	1400	2978.6
2019-07-05	10946.2090547386	1400.1	2990.4
2019-07-03	11942.2402247929	1420.9	3000.3
2019-07-02	10800.1301399504	1408	2979.6
2019-07-01	10454.6838183291	1385.6	2967.7
2019-06-28	12316.9530120207	1409.7	2944.2
2019-06-27	11086.2688286526	1412	2930.9
2019-06-26	12444.9258599878	1411.6	2917.9
2019-06-25	11665.4096837335	1418.7	2922.1
2019-06-24	10996.4597495353	1418.2	2952.1
2019-06-21	9906.407965055	1400.1	2950.6
2019-06-20	9559.9006885716	1396.9	2960
2019-06-19	9259.1236383919	1348.8	2933.4
2019-06-18	9012.4878496522	1350.7	2926.2
2019-06-17	9346.9750871976	1342.9	2896.3
2019-06-14	8667.7879539941	1344.5	2894.8
2019-06-13	8256.7200994618	1343.7	2894.4
2019-06-12	8151.7886797815	1336.8	2881
2019-06-11	7903.6252503798	1331.2	2886.9
2019-06-10	7954.0062377205	1329.3	2889.2
2019-06-07	8030.2560794416	1346.1	2874.9
2019-06-06	7730.8817258862	1342.7	2845.7
2019-06-05	7790.3211349552	1333.6	2827.7
2019-06-04	7645.5725139007	1323.4	2804.9
2019-06-03	8474.0482291229	1327.9	2749.6
2019-05-31	8513.2038819334	1311.1	2752.6
2019-05-30	8287.0402563223	1287.1	2790.4
2019-05-29	8672.4001072907	1286.3	2780.1
2019-05-28	8719.3314849999	1282.5	2805.1
2019-05-24	8038.5067907549	1289.2	2831.8
2019-05-23	7903.8469103955	1291	2819.4
2019-05-22	7723.9038796248	1274.2	2857.4
2019-05-21	7961.1287431622	1273.2	2866.1
2019-05-20	7917.0124987984	1277.3	2843.9
2019-05-17	7243.650538964	1275.7	2862
2019-05-16	7820.0762428219	1286.2	2878.6
2019-05-15	8177.4535191838	1297.8	2855
2019-05-14	7928.4174163467	1296.3	2839.2
2019-05-13	7906.9408350528	1301.8	2807.1
2019-05-10	6387.829450439	1287.4	2886.9
2019-05-09	6159.6859018287	1285.2	2872.7
2019-05-08	5932.4413913918	1281.4	2887.2
2019-05-07	5899.5296934602	1285.6	2890.8
2019-05-06	5706.0084207883	1283.8	2932.4
2019-05-03	5697.6790537992	1281.3	2947.6
2019-05-02	5405.8780670084	1272	2917.6
2019-05-01	5297.9424922151	1284.2	2923.1
2019-04-30	5277.4444688896	1282.8	2948.5
2019-04-29	5151.4334996793	1281.5	2942.9
2019-04-26	5151.5745281681	1288.8	2941.5
2019-04-25	5132.227526274	1279.7	2926.3
2019-04-24	5432.9910174238	1279.4	2930.8
2019-04-23	5552.5219105461	1273.2	2938.1
2019-04-22	5398.4334166027	1277.6	2912.6
2019-04-18	5276.5589823291	1276	2909.9
2019-04-17	5220.9599338197	1276.8	2900.4
2019-04-16	5184.2044677779	1277.2	2911.4
2019-04-15	5045.6751659083	1291.3	2909.5
2019-04-12	5077.5158640878	1295.2	2912.5
2019-04-11	5049.6058235388	1293.3	2891.8
2019-04-10	5283.543757825	1313.9	2894.5
2019-04-09	5179.997649218	1308.3	2882.6
2019-04-08	5260.2050430865	1297.1	2898.3
2019-04-05	5030.9332705867	1295.6	2896
2019-04-04	4875.5994313973	1294.3	2882.7
2019-04-03	5102.1507526415	1295.3	2879.8
2019-04-02	4818.7706353498	1295.4	2867.1
2019-04-01	4135.1849399747	1294.2	2870.5
2019-03-29	4080.2601141916	1298.5	2837.8
2019-03-28	4008.3708718477	1295.3	2821
2019-03-27	4018.5905096995	1316.9	2810.5
2019-03-26	3915.3753197805	1321.4	2823
2019-03-25	3913.7817170518	1329	2807
2019-03-22	3987.3052249052	1318.7	2810.7
2019-03-21	3974.8114294551	1313.6	2862.6
2019-03-20	4027.7873954939	1300.5	2827
2019-03-19	3996.037130764	1306.5	2836.5
2019-03-18	3974.4157640954	1301.5	2840.6
2019-03-15	3892.0523011383	1302.9	2829.8
2019-03-14	3855.7443626577	1293.4	2812.3
2019-03-13	3846.2744415121	1309.3	2819.6
2019-03-12	3866.2959463248	1296.3	2797.2
2019-03-11	3851.2491896498	1291.1	2789
2019-03-08	3828.3719040694	1299.3	2751.9
2019-03-07	3859.8399833296	1286.1	2750
2019-03-06	3848.9563696825	1287.6	2771.4
2019-03-05	3832.0808847342	1284.7	2791.5
2019-03-04	3689.8628931904	1287.5	2791.6
2019-03-01	3811.6119793671	1299.2	2805
2019-02-28	3799.678542951	1316.1	2784.7
2019-02-27	3772.9363353275	1317.7	2795.1
2019-02-26	3797.5817895103	1328.5	2791.5
2019-02-25	3819.8653414425	1329.5	2797.1
2019-02-22	3933.6075896328	1332.8	2791.2
2019-02-21	3889.7584851849	1327.8	2774.2
2019-02-20	3924.7398439211	1347.9	2787
2019-02-19	3904.4829202328	1344.8	2778.7
2019-02-15	3566.2477646317	1322.1	2777.1
2019-02-14	3558.3968581047	1313.9	2743.4
2019-02-13	3569.5548327757	1310.8	2749.6
2019-02-12	3579.3418810265	1314	2744.8
2019-02-11	3593.1831765659	1307	2708.3
2019-02-08	3591.0221518825	1318.5	2706.3
2019-02-07	3360.534075862	1314.2	2704.1
2019-02-06	3367.5190315823	1314.4	2729.4
2019-02-05	3419.7678987458	1319.2	2731.1
2019-02-04	3412.2304311019	1319.3	2721.2
2019-02-01	3439.8056988758	1322.1	2704.2
2019-01-31	3420.633226576	1325.2	2704.5
2019-01-30	3441.0322154158	1315.5	2682.5
2019-01-29	3395.0186452497	1315.2	2640.3
2019-01-28	3425.2621611882	1309.3	2641.9
2019-01-25	3566.6661636996	1304.2	2663.5
2019-01-24	3562.9204764613	1285.9	2634
2019-01-23	3549.770799097	1290.2	2638.3
2019-01-22	3581.5519472363	1283.4	2631.9
2019-01-18	3605.8551868777	1282.6	2671.6
2019-01-17	3623.717336702	1292.3	2635.2
2019-01-16	3593.7217397683	1293.8	2613.2
2019-01-15	3568.7512587366	1288.4	2605.4
2019-01-14	3654.3470673605	1289.1	2580.5
2019-01-11	3606.1648903844	1289.5	2595.1
2019-01-10	3617.3462911588	1287.4	2594.1
2019-01-09	3995.3251931641	1292	2582.6
2019-01-08	3992.9861439065	1285.9	2572.4
2019-01-07	3989.6317409326	1289.9	2550.6
2019-01-04	3812.3811076791	1285.8	2531.3
2019-01-03	3795.5927412969	1294.8	2447.7
2019-01-02	3882.304754348	1284.1	2511
2018-12-31	3689.5646203364	1281.3	2505.2
2018-12-28	3865.5293004371	1283	2486
2018-12-27	3587.1982229208	1281.1	2494.9
2018-12-26	3807.1530224727	1273	2470.9
2018-12-24	4054.2962598168	1271.8	2341.7
2018-12-21	3824.7397939051	1258.1	2413.5
2018-12-20	4065.7999528499	1267.9	2486.2
2018-12-19	3709.3167592101	1256.4	2504.4
2018-12-18	3562.8949463603	1253.6	2537.9
2018-12-17	3478.461202649	1251.8	2555.7
2018-12-14	3212.207080727	1241.4	2605.4
2018-12-13	3263.5479129873	1247.4	2645.6
2018-12-12	3414.8337488292	1250	2652.4
2018-12-11	3360.9466282566	1247.2	2641.2
2018-12-10	3419.7337684576	1249.4	2643.1
2018-12-07	3391.8741459694	1252.6	2636
2018-12-06	3578.2066240384	1243.6	2691.1
2018-12-04	3889.2921196935	1246.6	2701.7
2018-12-03	3847.0327374089	1239.6	2790.7
2018-11-30	3952.4478953992	1226	2758.3
2018-11-29	4218.6083631146	1230.4	2744.2
2018-11-28	4174.31997237	1229.8	2741.5
2018-11-27	3792.1923641199	1219.9	2683.5
2018-11-26	3640.5571648024	1228.7	2669.9
2018-11-23	4329.9172203207	1223.2	2629.5
2018-11-21	4478.2995582941	1225.8	2649
2018-11-20	4246.3127740611	1221.2	2639.9
2018-11-19	4800.3428974568	1225.3	2696.3
2018-11-16	5448.6006335653	1223	2742.9
2018-11-15	5511.1528335321	1215	2734.5
2018-11-14	5524.8010934193	1210.1	2698.6
2018-11-13	6282.4386771629	1199.2	2727.6
2018-11-12	6327.1546960646	1201.3	2727.8
2018-11-09	6343.6325037562	1208.6	2778.9
2018-11-08	6412.524289058	1225.1	2808.7
2018-11-07	6514.4894527375	1228.7	2816.4
2018-11-06	6425.9178018185	1226.3	2759
2018-11-05	6396.3521235412	1232.3	2739.6
2018-11-02	6360.1412719216	1233.3	2724.3
2018-11-01	6341.0948126498	1238.6	2738.1
2018-10-31	6321.713671307	1215	2711.1
2018-10-30	6276.4644997238	1225.3	2685.3
2018-10-29	6266.1896827178	1227.6	2643.6
2018-10-26	6392.1793373833	1235.8	2669.6
2018-10-25	6405.5007258241	1232.4	2688.2
2018-10-24	6407.667175231	1231.1	2664.3
2018-10-23	6396.252324044	1236.8	2746.2
2018-10-22	6396.8801542538	1224.6	2756.5
2018-10-19	6372.6868170702	1228.7	2767.5
2018-10-18	6374.6488625469	1230.1	2772.2
2018-10-17	6444.7470095938	1227.4	2816.2
2018-10-16	6724.8330778968	1231	2817.8
2018-10-15	6721.5875032778	1226.4	2749.1
2018-10-12	6309.1989214047	1222	2768.4
2018-10-11	6285.859202643	1227.6	2745.4
2018-10-10	6619.4958451381	1193.4	2781.1
2018-10-09	6663.021070746	1191.5	2888.2
2018-10-08	6662.8684995573	1184.4	2893.7
2018-10-05	6630.5752970678	1205.6	2894.1
2018-10-04	6594.9357857858	1201.6	2907.7
2018-10-03	6481.2457703264	1202.9	2931.6
2018-10-02	6576.3542289419	1207	2928.5
2018-10-01	6603.7543420461	1191.7	2930.1
2018-09-28	6502.6881513173	1196.2	2919
2018-09-27	6698.4160468789	1182.3	2919.9
2018-09-26	6509.7766212475	1199.1	2911.5
2018-09-25	6391.3859805928	1205.1	2921.3
2018-09-24	6466.9945639118	1204.4	2925.4
2018-09-21	6317.6996850165	1201.3	2933.7
2018-09-20	6288.0701702962	1211.3	2939.4
2018-09-19	6282.6107265937	1202.2	2915.1
2018-09-18	6278.5954861797	1202.9	2911.8
2018-09-17	6273.2200825643	1205.8	2896
2018-09-14	6285.9824663114	1201.1	2911.4
2018-09-13	6283.1841998225	1208.2	2905.3
2018-09-12	6277.4944091253	1210.9	2888.4
2018-09-11	6275.6695882724	1202.2	2889.8
2018-09-10	6275.0831321787	1199.8	2880.3
2018-09-07	6400.2687056583	1200.4	2874.7
2018-09-06	6471.493883654	1204.3	2879.1
2018-09-05	6913.1150129363	1201.3	2888.3
2018-09-04	7361.2718642376	1199.1	2898.3
2018-08-31	7028.447311566	1206.7	2902.1
2018-08-30	6938.9145822993	1205	2902
2018-08-29	7059.2312352573	1211.5	2914.7
2018-08-28	7084.2936167368	1207.4	2899.3
2018-08-27	6756.6289258733	1216	2898.4
2018-08-24	6675.3606827832	1213.3	2876.7
2018-08-23	6503.8323619614	1194	2858
2018-08-22	6355.8818088457	1203.3	2861.2
2018-08-21	6470.7335666523	1200	2861.7
2018-08-20	6299.3953331255	1194.6	2858.6
2018-08-17	6566.5952833952	1184.2	2852.2
2018-08-16	6273.8880695393	1184	2844.7
2018-08-15	6332.6068999281	1185	2821.2
2018-08-14	6123.4476006082	1193	2841
2018-08-13	6260.1929950271	1198.9	2825.5
2018-08-10	6092.5331036604	1219	2836.8
2018-08-09	6482.9734487615	1219.9	2853.8
2018-08-08	6460.1531550102	1221	2855.3
2018-08-07	6748.4414841816	1218.3	2859.7
2018-08-06	7402.3366337439	1208.6	2850.1
2018-08-03	7423.0743779862	1223.2	2839.5
2018-08-02	7547.3149505122	1210.6	2828.4
2018-08-01	7588.5861802231	1227.6	2810.8
2018-07-31	7700.8341285235	1233.6	2817.1
2018-07-30	8166.3883602012	1231.5	2803.2
2018-07-27	8254.2773483423	1232.7	2817.5
2018-07-26	7925.2473958792	1235.3	2842.5
2018-07-25	8271.5979196832	1241	2841.3
2018-07-24	8325.8015336658	1234.6	2821
2018-07-23	7730.2474798128	1234.4	2812
2018-07-20	7357.4456773198	1231.1	2800.8
2018-07-19	7484.6396703854	1224	2805.3
2018-07-18	7359.7370183427	1227.9	2816
2018-07-17	7315.5510403376	1227.3	2811.3
2018-07-16	6671.6259190668	1239.7	2796.5
2018-07-12	6144.8101179498	1246.6	2798.5
2018-07-11	6360.4466681956	1244.4	2774.1
2018-07-10	6364.3875895982	1255.4	2796.7
2018-07-09	6694.5308510827	1259.6	2787.4
2018-07-05	6538.6824323422	1258.8	2738.6
2018-07-03	6482.8305936314	1253.5	2713.3
2018-07-02	6629.7495948521	1241.7	2727.3
2018-06-29	6189.3092519378	1254.5	2721.6
2018-06-28	5954.5265818138	1251	2719.5
2018-06-27	6140.1914995488	1256.1	2704.9
2018-06-26	6148.4227054114	1259.9	2728.5
2018-06-25	6244.3284549671	1268.9	2722.3
2018-06-22	6099.445277341	1270.7	2759.5
2018-06-21	6729.9259369514	1270.5	2752.5
2018-06-20	6736.8677212375	1274.5	2772
2018-06-19	6731.7101466428	1278.6	2766.2
2018-06-18	6711.6496699796	1280.1	2779.7
2018-06-15	6397.4411699407	1278.5	2784.4
2018-06-14	6601.3241577351	1308.3	2788.4
2018-06-13	6321.6559647806	1301.3	2779
2018-06-12	6525.329181606	1299.4	2788.2
2018-06-11	6780.3408026703	1303.2	2786.8
2018-06-05	7624.1879705558	1302.2	2751.6
2018-06-04	7505.5892769261	1297.3	2745.5
2018-06-01	7518.333328931	1299.3	2733.8
2018-05-31	7448.4827400697	1304.7	2705.5
2018-05-30	7491.61125	1306.5	2724.6
2018-05-29	7118.42375	1304.1	2692.2
2018-05-25	7599.9525	1309	2718.3
2018-05-24	7614.96375	1309.8	2727.6
2018-05-23	7951.51375	1294.8	2730.7
2018-05-22	8324.025	1297.4	2726.1
2018-05-21	8493.13125	1290.9	2733.1
2018-05-18	7996.82125	1291.3	2713
2018-05-17	8360.22875	1289.4	2718.7
2018-05-16	8159.25625	1291.5	2722.9
2018-05-15	8711.38875	1290.3	2709
2018-05-14	8398.86249	1318.2	2730.9
2018-05-11	8920.25625	1320.7	2729.4
2018-05-10	9327.04999	1322.3	2718.7
2018-05-09	9039.02875	1313	2696
2018-05-08	9424.99124	1313.7	2670.3
2018-05-07	9326.76125	1314.1	2670
2018-05-04	9572.69875	1314.7	2663.1
2018-05-03	9228.8525	1312.7	2631.8
2018-05-02	9029.47875	1305.6	2627.4
2018-05-01	8949.87624	1306.8	2652.2
2018-04-30	9268.7175	1319.2	2647
2018-04-27	9153.64125	1323.4	2671.4
2018-04-26	8807.515	1317.9	2674.6
2018-04-25	9373.3025	1322.8	2644.5
2018-04-24	9191.82	1333	2635.3
2018-04-23	8868.16124	1324	2671.3
2018-04-20	8333.81374	1338.3	2671.6
2018-04-19	8188.71875	1348.8	2693.1
2018-04-18	7937.61	1353.5	2709.7
2018-04-17	8030.57	1349.5	2706.6
2018-04-16	8160.4125	1350.7	2681.7
2018-04-13	7823.55875	1347.9	2657.3
2018-04-12	6941.63875	1341.9	2664
2018-04-11	6824.49375	1360	2641.1
2018-04-10	6789.2675	1345.9	2655.1
2018-04-09	7125.53875	1340.1	2619.1
2018-04-06	6766.5925	1336.1	2605.7
2018-04-05	6769.48375	1328.5	2661.8
2018-04-04	7295.89	1340.2	2647
2018-04-03	7182.12	1337.3	2613.2
2018-04-02	6986.835	1352.9	2575
2018-03-29	7866.36	1327.3	2643
2018-03-28	7863.255	1330	2622.4
2018-03-27	7854.6375	1347.9	2615.7
2018-03-26	8429.33124	1360.9	2659.5
2018-03-23	8411.6525	1355.7	2597.8
2018-03-22	9023.7175	1333.2	2643.3
2018-03-21	9028.2975	1321.5	2718.3
2018-03-20	8597.3375	1311.9	2723.6
2018-03-19	8189.49125	1317.8	2722.8
2018-03-16	8039.6025	1312.3	2755.9
2018-03-15	7895.98875	1317.8	2755.6
2018-03-14	9260.70875	1325.6	2753.9
2018-03-13	9047.5125	1327.1	2772.8
2018-03-12	9433.47374	1320.8	2789.1
2018-03-09	8980.19249	1324	2788.8
2018-03-08	9552.75875	1321.7	2739.3
2018-03-07	10735.88625	1327.6	2723.3
2018-03-06	11246.7475	1335.2	2723.9
2018-03-05	11558.475	1319.9	2718.4
2018-03-02	11100.2925	1323.4	2690.2
2018-03-01	10352.04625	1305.2	2678.2
2018-02-28	10903.01875	1317.9	2714.4
2018-02-27	10272.9025	1315.5	2747.5
2018-02-26	9627.71625	1332.8	2784.4
2018-02-23	9809.72125	1330.3	2748.8
2018-02-22	10727.9525	1332.7	2711.5
2018-02-21	10928.02	1332.1	2698.7
2018-02-20	11416.03875	1331.2	2714.1
2018-02-16	10110.83875	1356.2	2735
2018-02-15	9659.2875	1355.3	2733.9
2018-02-14	8693.2525	1358	2696.9
2018-02-13	8766.8525	1330.4	2661.7
2018-02-12	8478.92499	1326.4	2655.2
2018-02-09	8086.7725	1315.7	2619.1
2018-02-08	7987.28125	1319	2593.4
2018-02-07	7270.5075	1314.6	2668.2
2018-02-06	6332.37	1329.5	2694.3
2018-02-05	8136.39	1336.5	2607.7
2018-02-02	8715.59499	1337.3	2756.7
2018-02-01	9970.30875	1347.9	2822.4
2018-01-31	9914.4725	1343.1	2825.8
2018-01-30	10917.15125	1340	2824.5
2018-01-29	11412.79375	1345.1	2853.6
2018-01-26	11524.345	1357.2	2874.5
2018-01-25	11629.375	1368	2841.2
2018-01-24	10830.9275	1361.4	2841
2018-01-23	10872.9025	1336.7	2839.6
2018-01-22	11508.62	1331.9	2835.2
2018-01-19	11137.36875	1333.1	2811
2018-01-18	11340.65	1327.2	2796.2
2018-01-17	10870.16875	1339.2	2803.7
2018-01-16	12915.11625	1337.1	2782.6
2018-01-12	13633.36375	1334.9	2788.7
2018-01-11	13269.5975	1322.5	2769.5
2018-01-10	14122.825	1319.3	2750.6
2018-01-09	15242.93625	1313.7	2752.3
2018-01-08	15632.41125	1320.4	2746.8
2018-01-05	14953.8525	1322.3	2742.6
2018-01-04	15104.45	1321.6	2723.8
2018-01-03	14881.545	1318.5	2710.9
2018-01-02	13337.62125	1316.1	2692.9
2017-12-29	14867.5725	1309.3	2676
2017-12-28	14362.40375	1297.2	2685.7
2017-12-27	15846.07375	1291.4	2685.4
2017-12-26	14652.3675	1287.5	2687.1
2017-12-22	14182.46499	1278.8	2686.1
2017-12-21	16925.0175	1270.6	2687.8
2017-12-20	16862.57125	1269.6	2681.6
2017-12-19	18984.7675	1264.2	2684.1
2017-12-18	18640.2625	1265.5	2694.4
2017-12-15	17221.65125	1257.5	2682
2017-12-14	16246.13875	1257.1	2655.9
2017-12-13	16678.28749	1248.6	2669.1
2017-12-12	16374.8975	1241.7	2667.8
2017-12-11	16299.2975	1246.9	2664.5
2017-12-08	16403.42125	1248.4	2653.9
2017-12-07	13734.52	1253.1	2639.5
2017-12-06	12230.365	1266.1	2629.2
2017-12-05	11597.23125	1264.9	2628.3
2017-12-04	11382.20875	1277.7	2638.2
2017-12-01	9706.10375	1282.3	2643.9
2017-11-30	10542.6625	1276.7	2647.9
2017-11-29	10295.6225	1286.2	2625.1
2017-11-28	9713.09625	1299.2	2626
2017-11-27	9573.9675	1298.9	2601.8
2017-11-24	8094.445	1291.8	2601
2017-11-22	8150.6325	1296.8	2594.6
2017-11-21	7879.06	1281.7	2596.3
2017-11-20	7954.7675	1275.3	2582.1
2017-11-17	7924.1825	1296.5	2576.3
2017-11-16	7259.3	1278.2	2585
2017-11-15	6867.42625	1277.7	2565.1
2017-11-14	6666.27125	1282.9	2577.9
2017-11-13	5969.13	1278.9	2581.9
2017-11-10	7250.77	1274.2	2579.6
2017-11-09	7342.82375	1287.5	2583.9
2017-11-08	7356.50625	1283.7	2590.9
2017-11-07	7123.89375	1275.8	2586.8
2017-11-06	7231.93	1281.6	2588.7
2017-11-03	7199.2375	1269.2	2582.7
2017-11-02	6879.365	1278.1	2576.7
2017-11-01	6424.515	1277.3	2574.8
2017-10-31	6130.56375	1270.5	2572.7
2017-10-30	6151.325	1277.7	2568.3
2017-10-27	5923.70625	1271.8	2578.4
2017-10-26	5776.87875	1269.6	2561.6
2017-10-25	5550.85875	1279	2558.5
2017-10-24	5649.005	1278.3	2567.3
2017-10-23	5969.795	1280.9	2563.4
2017-10-20	5686.52625	1280.5	2574
2017-10-19	5627.08625	1290	2560.5
2017-10-18	5495.03875	1283	2560.1
2017-10-17	5643.55375	1286.2	2556.9
2017-10-16	5607.01	1303	2556.2
2017-10-13	5728.5475	1304.6	2552.8
2017-10-12	4858.60499	1296.5	2549.4
2017-10-11	4741.70875	1288.9	2553
2017-10-10	4789.30125	1293.8	2548.5
2017-10-09	4624.34875	1285	2543.8
2017-10-06	4325.23625	1274.9	2545.1
2017-10-05	4186.78374	1273.2	2549.9
2017-10-04	4307.555	1276.8	2536.2
2017-10-03	4424.4725	1274.6	2532.8
2017-10-02	4414.1775	1275.8	2526.3
2017-09-29	4062.20375	1284.8	2516.1
2017-09-28	4220.28	1288.7	2507.7
2017-09-27	3939.515	1287.8	2504.5
2017-09-26	3920.99125	1301.7	2495.6
2017-09-25	3753.435	1311.5	2497
2017-09-22	3690.99125	1297.5	2499.4
2017-09-21	3827.685	1294.8	2500.9
2017-09-20	3863.18625	1316.4	2505.2
2017-09-19	3976.3875	1310.6	2504.7
2017-09-18	3764.6175	1310.8	2502.7
2017-09-15	3358.10875	1325.2	2497.2
2017-09-14	3817.0575	1329.3	2494.3
2017-09-13	3944.58375	1328	2494.7
2017-09-12	4295.76124	1332.7	2494.2
2017-09-11	4307.82625	1335.7	2485.8
2017-09-08	4628.6025	1351.2	2461
2017-09-07	4543.1025	1350.3	2466.4
2017-09-06	4517.57	1339	2465.5
2017-09-05	4160.535	1344.5	2459.7
2017-09-01	4783.17	1330.4	2474.2
2017-08-31	4676.1425	1322.2	2470.1
2017-08-30	4664.64375	1314.1	2455.8
2017-08-29	4442.6575	1318.9	2447.1
2017-08-28	4340.46	1315.3	2443.7
2017-08-25	4396.03125	1297.9	2442.5
2017-08-24	4178.75625	1292	2440.8
2017-08-23	4162.79249	1294.7	2441.5
2017-08-22	3911.27625	1291	2452.8
2017-08-21	4110.94125	1296.7	2428
2017-08-18	4311.685	1291.6	2426.8
2017-08-17	4322.42125	1292.4	2429.5
2017-08-16	4118.9025	1282.9	2467.5
2017-08-15	4462.67625	1279.7	2463.7
2017-08-14	4036.7575	1290.4	2463.5
2017-08-11	3451.8525	1294	2440.1
2017-08-10	3364.41125	1290.1	2437.6
2017-08-09	3416.185	1279.3	2473
2017-08-08	3474.7625	1262.6	2472.8
2017-08-07	3274.6375	1264.7	2477.4
2017-08-04	2811.71	1264.6	2472.1
2017-08-03	2740.07125	1274.4	2471.7
2017-08-02	2739.70875	1278.4	2473.5
2017-08-01	2867.65375	1279.4	2472.3
2017-07-31	2718.6175	1273.4	2468
2017-07-28	2699.72125	1275.3	2470.3
2017-07-27	2570.195	1266.5	2471.9
2017-07-26	2540.20874	1255.6	2473.3
2017-07-25	2768.8025	1258.5	2474.1
2017-07-24	2772.3675	1260.7	2468.4
2017-07-21	2740.56875	1261	2469.4
2017-07-20	2349.355	1245.5	2471.2
2017-07-19	2354.8925	1242	2471.4
2017-07-18	2189.23999	1241.9	2457.8
2017-07-17	1986.9425	1233.7	2458.6
2017-07-14	2337.67875	1227.5	2456.1
2017-07-13	2437.55375	1217.3	2445.6
2017-07-12	2292.91375	1219.1	2440.1
2017-07-11	2352.265	1214.7	2424.5
2017-07-10	2524.12624	1213.2	2424.6
2017-07-07	2598.57	1209.7	2422.6
2017-07-06	2634.17375	1223.3	2408.4
2017-07-05	2588.67875	1221.7	2428
2017-07-03	2513.74125	1219.2	2425
2017-06-30	2547.3225	1242.3	2420.9
2017-06-29	2591.2675	1245.8	2420
2017-06-28	2556.1675	1249.1	2438.4
2017-06-27	2513.42999	1246.9	2420.6
2017-06-26	2630.59499	1246.4	2436
2017-06-23	2763.29125	1256.4	2434.9
2017-06-22	2702.00375	1249.4	2431.8
2017-06-21	2805.0975	1245.8	2433.6
2017-06-20	2667.5475	1243.5	2437.5
2017-06-19	2611.67999	1246.7	2447.5
2017-06-16	2438.61749	1256.5	2431
2017-06-15	2518.54875	1254.6	2432.1
2017-06-14	2780.1825	1275.9	2435.3
2017-06-13	2697.0775	1268.6	2438
2017-06-12	3007.0125	1268.9	2426.4
2017-06-09	2826.03875	1271.4	2428.3
2017-06-08	2737.9025	1279.5	2432.5
2017-06-07	2900.8525	1293.2	2431.9
2017-06-06	2855.03	1297.5	2430.8
2017-06-05	2605.125	1282.7	2434.5
2017-06-02	2477.1725	1280.2	2437.7
2017-06-01	2402.125	1270.1	2429.6
2017-05-31	2170.98124	1275.4	2411.1
2017-05-30	2315.73625	1265.7	2410.7
2017-05-26	2460.95375	1271.4	2413.8
2017-05-25	2581.85375	1259.8	2413.4
2017-05-24	2348.55249	1253.1	2401.9
2017-05-23	2196.66874	1255.5	2398
2017-05-22	2114.98875	1261.4	2392.7
2017-05-19	1913.13875	1253.6	2381.5
2017-05-18	1796.89625	1252.8	2363.6
2017-05-17	1744.44125	1258.7	2357.5
2017-05-16	1665.0325	1236.4	2397.1
2017-05-15	1747.04375	1230	2398.4
2017-05-12	1774.52	1227.7	2388.7
2017-05-11	1748.35375	1224.2	2391.1
2017-05-10	1695.83125	1218.9	2395.3
2017-05-09	1644.72875	1216.1	2393.3
2017-05-08	1564.065	1227.1	2395
2017-05-05	1543.31	1226.9	2397.7
2017-05-04	1506.7725	1228.6	2385.5
2017-05-03	1448.88625	1248.5	2383.2
2017-05-02	1416.61	1257	2385.8
2017-05-01	1370.79	1255.5	2386.9
2017-04-28	1335.825	1268.3	2380.5
2017-04-27	1289.7475	1265.9	2386.1
2017-04-26	1269.69625	1264.2	2382.2
2017-04-25	1251.5775	1267.2	2385
2017-04-24	1243.43	1277.5	2370
2017-04-21	1261.702	1289.1	2347.4
2017-04-20	1227.981	1283.8	2352.1
2017-04-19	1218.666	1283.4	2333.7
2017-04-18	1211.73799	1294.1	2337.3
2017-04-17	1184.2	1291.9	2345
2017-04-13	1216.269	1288.5	2327.4
2017-04-12	1226.896	1278.1	2340.8
2017-04-11	1206.74	1274.2	2351.1
2017-04-10	1213.801	1253.9	2352.5
2017-04-07	1177.284	1257.3	2352.2
2017-04-06	1150.685	1253.3	2353.7
2017-04-05	1139.86	1248.5	2346.6
2017-04-04	1148.092	1258.4	2356.6
2017-04-03	1140.037	1254	2356.1
2017-03-31	1048.86299	1251.2	2359.2
2017-03-30	1041.374	1248	2364.6
2017-03-29	1011.969	1256.8	2357
2017-03-28	1035.32199	1258.8	2351.4
2017-03-27	968.293	1258.8	2338.4
2017-03-24	1013.844	1251.7	2344.8
2017-03-23	1036.099	1250.1	2340
2017-03-22	1091.333	1249.7	2342.6
2017-03-21	1065.481	1246.5	2342.2
2017-03-20	1036.226	1234	2370.3
2017-03-17	1126.08199	1230.2	2375.2
2017-03-16	1247.67099	1227.1	2379.1
2017-03-15	1245.892	1200.7	2380.6
2017-03-14	1242.806	1202.6	2363.1
2017-03-13	1235.553	1203.1	2371.8
2017-03-10	1200.557	1201.4	2368.6
2017-03-09	1153.06	1203.2	2366.3
2017-03-08	1206.357	1209.4	2364.1
2017-03-07	1280.30499	1216.1	2366.4
2017-03-06	1273.24699	1225.5	2375.4
2017-03-03	1269.776	1226.5	2381.2
2017-03-02	1221.05	1232.9	2381.9
2017-03-01	1193.611	1250	2393.5
2017-02-28	1189.94699	1253.9	2362.8
2017-02-27	1189.366	1258.8	2368.3
2017-02-24	1193.501	1258.3	2364.9
2017-02-23	1122.515	1251.4	2362.8
2017-02-22	1112.86375	1233.3	2360.9
2017-02-21	1079.5825	1238.9	2360
2017-02-17	1038.86625	1239.1	2347.9
2017-02-16	1018.41125	1241.6	2347.9
2017-02-15	1003.59	1233.1	2345.6
2017-02-14	994.58	1225.4	2350.4
2017-02-13	1004.85375	1225.8	2337
2017-02-10	974.95875	1235.9	2312.7
2017-02-09	1072.205	1236.8	2304.3
2017-02-08	1067.70875	1239.5	2290.2
2017-02-07	1029.40875	1236.1	2288.4
2017-02-06	1019.3125	1232.1	2286.5
2017-02-03	1020.09	1220.8	2291
2017-02-02	982.8275	1219.4	2275.4
2017-02-01	973.065	1208.3	2274.5
2017-01-31	921.35125	1211.4	2274.5
2017-01-30	916.91125	1196	2276
2017-01-27	912.84375	1191.1	2289.1
2017-01-26	901.05	1192.5	2294.1
2017-01-25	898.55	1200.5	2293.9
2017-01-24	912.2125	1210.8	2274.6
2017-01-23	920.365	1215.6	2262
2017-01-20	896.16375	1204.9	2265.9
2017-01-19	888.0625	1201.5	2261.6
2017-01-18	890.29375	1212.1	2266.6
2017-01-17	848.58125	1212.9	2262.7
2017-01-13	784.89375	1196.2	2272.5
2017-01-12	772.66125	1199.8	2263.4
2017-01-11	910.60625	1196.6	2270.6
2017-01-10	905.22625	1185.5	2263.7
2017-01-09	889.33875	1184.9	2265
2017-01-06	985.93875	1173.4	2271.5
2017-01-05	1140.385	1181.3	2264.3
2017-01-04	1047.09999	1165.3	2264.3
2017-01-03	1028.33375	1162	2252.6
2016-12-30	954.84375	1151.7	2236.2
2016-12-29	971.645	1158.1	2245.1
2016-12-28	948.89875	1140.9	2245.3
2016-12-27	900.36625	1138.8	2260.9
2016-12-23	910.9325	1133.6	2260
2016-12-22	842.63875	1133.6	2258.7
2016-12-21	805.79625	1133.2	2260.4
2016-12-20	789.2325	1133.6	2266.5
2016-12-19	791	1142.7	2260.1
2016-12-16	776.415	1137.4	2255.3
2016-12-15	776.9825	1129.8	2258.4
2016-12-14	778.35625	1163.7	2252
2016-12-13	774.38625	1159	2267.8
2016-12-12	769.8275	1165.8	2250.4
2016-12-09	766.8725	1161.9	2254.7
2016-12-08	763.23625	1172.4	2242.4
2016-12-07	758.35375	1177.5	2236.7
2016-12-06	754.82625	1170.1	2210.1
2016-12-05	760.1	1176.5	2204.2
2016-12-02	766.5925	1177.8	2192.1
2016-12-01	744.1025	1169.4	2192.1
2016-11-30	731.64	1173.9	2198.8
2016-11-29	731.12625	1190.8	2203.8
2016-11-28	731.9	1193.8	2200.8
2016-11-25	730.3125	1181	2211.3
2016-11-23	745.97875	1192.4	2200.8
2016-11-22	734.84	1211.2	2200.3
2016-11-21	730.365	1209.8	2192.9
2016-11-18	738.665	1208.7	2180.8
2016-11-17	745.92625	1216.9	2184.3
2016-11-16	710.9275	1223.9	2172.8
2016-11-15	711.39625	1224.5	2179.3
2016-11-14	704.62125	1221.7	2160.4
2016-11-11	714.57125	1224.3	2161.6
2016-11-10	719.2525	1266.4	2167.2
2016-11-09	728.36125	1273.5	2160.3
2016-11-08	706.13375	1274.5	2135.5
2016-11-07	705.47125	1279.4	2129.1
2016-11-04	701.21875	1304.5	2080
2016-11-03	741.84875	1303.3	2083.6
2016-11-02	725.6925	1308.2	2092.3
2016-11-01	708.955	1288	2103.8
2016-10-31	693.89625	1273.1	2120.1
2016-10-28	684.2975	1276.8	2123.8
2016-10-27	684.3775	1269.5	2123.4
2016-10-26	657.05625	1266.6	2134.1
2016-10-25	652.235	1273.6	2138
2016-10-24	647.69375	1263.7	2144.3
2016-10-21	629.61249	1267.7	2134.7
2016-10-20	626.36875	1267.5	2137.1
2016-10-19	634.605	1269.9	2138.1
2016-10-18	637.01625	1262.9	2131.9
2016-10-17	636.635	1256.6	2123.1
2016-10-14	635.88375	1255.5	2126.9
2016-10-13	637.73625	1257.6	2126.3
2016-10-12	637.21624	1253.8	2131.5
2016-10-11	618.3275	1255.9	2134.4
2016-10-10	615.91625	1260.4	2159.1
2016-10-07	610.23375	1251.9	2146.5
2016-10-06	610.57	1253	2156.5
2016-10-05	608.125	1268.6	2153.3
2016-10-04	609.495	1269.7	2144.7
2016-10-03	611.88874	1312.7	2153.2
2016-09-30	604.52125	1317.1	2160.4
2016-09-29	603.58124	1326	2148.5
2016-09-28	602.885	1323.7	2163.2
2016-09-27	605.0175	1330.4	2152.8
2016-09-26	598.9075	1344.1	2139.7
2016-09-23	595.0175	1341.7	2158.1
2016-09-22	596.225	1344.7	2168.3
2016-09-21	595.93375	1331.4	2156.2
2016-09-20	606.7175	1318.2	2131.1
2016-09-19	609.37249	1317.8	2132.9
2016-09-16	605.52125	1310.2	2132.5
2016-09-15	606.8975	1318	2137.9
2016-09-14	606.885	1326.1	2113.3
2016-09-13	607.03625	1323.7	2122.2
2016-09-12	604.8275	1325.6	2151.9
2016-09-09	623.6	1334.5	2116
2016-09-08	613.67499	1341.6	2171
2016-09-07	609.4325	1349.2	2184.6
2016-09-06	604.465	1349.2	2184.5
2016-09-02	570.1	1354	2184.5
2016-09-01	572.96	1317.1	2178
2016-08-31	573.78125	1311.4	2167.3
2016-08-30	571.94125	1316.5	2169.5
2016-08-29	574.49749	1327.1	2175.2
2016-08-26	575.0625	1325.9	2179.3
2016-08-25	574.5825	1324.6	2168.4
2016-08-24	577.98749	1329.7	2173.6
2016-08-23	585.5075	1346.1	2174.9
2016-08-22	579.6675	1343.4	2185.2
2016-08-19	573.01625	1346.2	2181.4
2016-08-18	572.37249	1357.2	2181.7
2016-08-17	575.54125	1348.8	2183.6
2016-08-16	567.60749	1356.9	2179.7
2016-08-15	571.9625	1347.5	2176.8
2016-08-12	581.9625	1343.2	2185.9
2016-08-11	594.81625	1350	2180.2
2016-08-10	585.23875	1351.9	2181.8
2016-08-09	586.715	1346.7	2172.7
2016-08-08	589.66125	1341.3	2177.6
2016-08-05	570.33875	1344.4	2175.5
2016-08-04	578.52374	1367.4	2176.8
2016-08-03	555.926	1364.7	2159.3
2016-08-02	601.227	1372.6	2157
2016-08-01	621.37299	1359.6	2152.7
2016-07-29	655.427	1349	2164.4
2016-07-28	656.91599	1332.3	2168.2
2016-07-27	650.82899	1326.7	2164.7
2016-07-26	655.418	1320.8	2160.6
2016-07-25	660.284	1319.5	2163.3
2016-07-22	666.747	1323.4	2162.2
2016-07-21	662.034	1331	2167.4
2016-07-20	673.008	1319.3	2157.9
2016-07-19	673.832	1332.3	2167.6
2016-07-18	681.239	1329.3	2158.7
2016-07-15	663.638	1327.4	2159.9
2016-07-14	654.018	1327.4	2152.7
2016-07-13	663.443	1332.2	2157.2
2016-07-12	648.136	1335.3	2145.8
2016-07-11	656.747	1356.6	2130.3
2016-07-08	640.476	1358.4	2120.5
2016-07-07	671.814	1362.1	2092
2016-07-06	676.872	1367.1	2094.1
2016-07-05	679.351	1358.7	2082.7
2016-07-01	683.293	1339	2096.3
2016-06-30	635.093	1320.6	2090.2
2016-06-29	634.357	1326.9	2066.8
2016-06-28	655.94399	1317.9	2028.4
2016-06-27	644.091	1324.7	1984.9
2016-06-24	657.08999	1322.4	2018.6
2016-06-23	581.249	1263.1	2105.8
2016-06-22	657.013	1270	2076.7
2016-06-21	702.696	1272.5	2080.4
2016-06-20	758.903	1292.1	2074.2
2016-06-17	773.25	1294.8	2058.9
2016-06-16	732.357	1298.4	2070.6
2016-06-15	685.442	1288.3	2063.4
2016-06-14	695.155	1288.1	2065.9
2016-06-13	682.226	1286.9	2069.7
2016-06-10	574.953	1275.9	2087.3
2016-06-09	580.43599	1272.7	2105.2
2016-06-08	576.226	1262.3	2118.1
2016-06-07	585.399	1247	2110.3
2016-06-06	578.84899	1247.4	2108.3
2016-06-03	537.185	1242.9	2097.8
2016-06-02	538.568	1212.6	2103.8
2016-06-01	528.04999	1214.7	2097.9
2016-05-31	537.23299	1217.5	2094.9
2016-05-27	467.262	1216.7	2097.3
2016-05-26	448.278	1222.7	2089.7
2016-05-25	447.035	1226.6	2087.3
2016-05-24	444.489	1232.2	2075
2016-05-23	440.551	1251.5	2045.3
2016-05-20	440.231	1252.9	2050
2016-05-19	453.494	1254.8	2038.7
2016-05-18	454.064	1274.4	2041.6
2016-05-17	454.278	1276.9	2043.6
2016-05-16	457.64099	1274.2	2062.7
2016-05-13	453.701	1272.7	2043.6
2016-05-12	451.155	1271.2	2058.8
2016-05-11	454.39399	1275.5	2058
2016-05-10	460.954	1264.8	2077.6
2016-05-09	458.708	1266.6	2054.3
2016-05-06	447.58599	1294	2052.7
2016-05-05	447.73999	1272.3	2043.9
2016-05-04	449.157	1274.4	2046.9
2016-05-03	443.681	1291.8	2056.9
2016-05-02	453.067	1295.8	2074.3
2016-04-29	446.236	1290.5	2059.1
2016-04-28	441.304	1266.4	2072.4
2016-04-27	466.064	1250.4	2090.7
2016-04-26	464.429	1243.4	2088.4
2016-04-25	458.626	1240.2	2083.2
2016-04-22	446.776	1230	2086
2016-04-21	443.758	1250.3	2082.8
2016-04-20	435.926	1254.4	2098
2016-04-19	428.522	1254.3	2093.7
2016-04-18	429.318	1235	2086.7
2016-04-15	426.279	1234.6	2075
2016-04-14	425.494	1226.5	2076.6
2016-04-13	426.84399	1248.3	2075.9
2016-04-12	426.383	1260.9	2055.7
2016-04-11	421.192	1258	2034.5
2016-04-08	421.616	1243.8	2040.7
2016-04-07	420.553	1237.5	2035.1
2016-04-06	422.29499	1223.8	2060.2
2016-04-05	422.044	1229.6	2038.8
2016-04-04	418.593	1219.3	2057.5
2016-04-01	416.012	1223.5	2065.1
2016-03-31	414.458	1235.6	2051.5
2016-03-30	414.613	1228.6	2055.2
2016-03-29	423.597	1237.5	2047.5
2016-03-28	424.297	1222	2028
2016-03-24	415.837	1223.5	2028.6
2016-03-23	417.318	1225.6	2028.8
2016-03-22	415.125	1248.6	2042.5
2016-03-21	407.496	1244.2	2042.7
2016-03-18	417.154	1254.3	2037.4
2016-03-17	417.138	1265	2030.3
2016-03-16	414.167	1229.8	2030.3
2016-03-15	416.034	1231	2006.8
2016-03-14	414.208	1245.1	2008.9
2016-03-11	416.708	1259.4	2010.5
2016-03-10	411.672	1272.8	1988.8
2016-03-09	410.739	1257.4	1988.9
2016-03-08	414.213	1262.9	1980.9
2016-03-07	407.276	1264	1999.1
2016-03-04	421.597	1270.7	1994.9
2016-03-03	419.254	1258.2	1990.5
2016-03-02	434.001	1241.8	1983.6
2016-03-01	436.426	1230.8	1977.9
2016-02-29	438.28	1234.4	1929.5
2016-02-26	421.244	1220.4	1942.7
2016-02-25	422.617	1238.8	1950.4
2016-02-24	419.896	1239.1	1930.2
2016-02-23	438.745	1222.6	1916.1
2016-02-22	436.14	1210.1	1936.3
2016-02-19	421.956	1230.8	1914.5
2016-02-18	417.492	1226.3	1916.6
2016-02-17	407.017	1211.4	1922.7
2016-02-16	401.663	1208.2	1888.8
2016-02-12	378.576	1239.4	1858.3
2016-02-11	379.186	1247.8	1824.5
2016-02-10	374.764	1194.6	1846.7
2016-02-09	372.434	1198.6	1848.2
2016-02-08	376.924	1197.9	1852
2016-02-05	386.954	1157.7	1875.3
2016-02-04	370.433	1157.5	1907.8
2016-02-03	372.762	1141.3	1908.5
2016-02-02	372.453	1127.2	1897.4
2016-02-01	372.157	1128	1931.3
2016-01-29	369.133	1116.4	1930.1
2016-01-28	381.356	1116.1	1880.7
2016-01-27	392.389	1116.3	1875.1
2016-01-26	390.715	1120.6	1895.9
2016-01-25	397.885	1105.3	1870.2
2016-01-22	403.271	1096.3	1899.2
2016-01-21	417.439	1098.2	1861
2016-01-20	378.775	1106.2	1854.9
2016-01-19	382.738	1089.1	1872.9
2016-01-15	416.29	1090.7	1875
2016-01-14	431.41	1073.6	1914.6
2016-01-13	431.156	1087.1	1881.4
2016-01-12	446.614	1085.2	1924.9
2016-01-11	450.312	1096.2	1914.2
2016-01-08	457.168	1097.9	1911.5
2016-01-07	441.021	1107.8	1932.9
2016-01-06	427.164	1091.9	1985.9
2016-01-05	433.732	1078.4	2011.7
2016-01-04	431.691	1075.2	2009.1
2015-12-31	424.962	1060.2	2035.4
2015-12-30	431.029	1059.8	2054.6
2015-12-29	422.741	1068	2072.8
2015-12-28	427.817	1068.3	2048.8
2015-12-24	456.572	1075.9	2051.2
2015-12-23	437.994	1068.3	2053
2015-12-22	438.276	1074.1	2014.9
2015-12-21	435.64099	1080.6	2014.9
2015-12-18	456.425	1065	1991.9
2015-12-17	451.102	1049.6	2024.7
2015-12-16	445.805	1076.8	2063.7
2015-12-15	453.676	1061.6	2037.1
2015-12-14	437.021	1063.4	2009.6
2015-12-11	421.813	1075.7	2001.2
2015-12-10	415.076	1072	2049.3
2015-12-09	421.424	1076.5	2042.1
2015-12-08	395.59299	1075.3	2058.7
2015-12-07	391.618	1075.2	2081
2015-12-04	358.443	1084.1	2088.4
2015-12-03	366.788	1061.2	2051.2
2015-12-02	352.128	1053.8	2081.6
2015-12-01	377.798	1063.5	2099.9
2015-11-30	375.204	1065.3	2079.8
2015-11-27	349.138	1056.2	2089.9
2015-11-25	318.337	1069.7	2088.1
2015-11-24	320.993	1073.3	2084.7
2015-11-23	322.606	1066.6	2084.2
2015-11-20	315.63099	1076.3	2088.7
2015-11-19	334.02499	1077.9	2079.2
2015-11-18	333.33299	1068.7	2079.7
2015-11-17	337.759	1068.6	2049
2015-11-16	320.06	1083.6	2048
2015-11-13	337.893	1080.9	2018.6
2015-11-12	320.036	1081	2040.6
2015-11-11	311.702	1084.9	2069
2015-11-10	376.948	1088.5	2078.1
2015-11-09	370.652	1088.1	2072.9
2015-11-06	359.586	1087.7	2093.7
2015-11-05	434.31683	1104.2	2094
2015-11-04	432.46133	1106.2	2094.7
2015-11-03	369.51133	1114.1	2102.9
2015-11-02	325.64666	1135.9	2095.4
2015-10-30	326.55691	1141.4	2073.7
2015-10-29	304.32691	1147.3	2083
2015-10-28	300.53566	1176.1	2084.5
2015-10-27	287.83091	1165.8	2060.4
2015-10-26	284.286	1166.2	2062.3
2015-10-23	274.25325	1162.8	2066
2015-10-22	267.46908	1166.1	2053.1
2015-10-21	270.49541	1167.1	2008.5
2015-10-20	264.92575	1177.5	2020.6
2015-10-19	264.98625	1172.8	2027.4
2015-10-16	255.72741	1183.1	2025.5
2015-10-15	254.64216	1187.5	2019
2015-10-14	249.45908	1179.8	1984
2015-10-13	244.57641	1165.4	1993.9
2015-10-12	247.65041	1164.5	2010.9
2015-10-09	243.25675	1155.9	2007.4
2015-10-08	244.49816	1144.3	2006.6
2015-10-07	246.49633	1148.7	1987.2
2015-10-06	240.63075	1146.4	1968.6
2015-10-05	238.82433	1137.6	1974.7
2015-10-02	238.06358	1136.6	1943.1
2015-10-01	237.15191	1113.7	1916.8
2015-09-30	238.06125	1115.2	1908.7
2015-09-29	238.56625	1126.8	1874.5
2015-09-28	237.21116	1131.7	1872.1
2015-09-25	233.74475	1145.6	1919.2
2015-09-24	231.09508	1153.8	1918.8
2015-09-23	231.30983	1131.5	1928.6
2015-09-22	227.79358	1124.8	1932.1
2015-09-21	230.75433	1132.8	1963.1
2015-09-18	233.2385	1137.8	1950.6
2015-09-17	229.58975	1117	1977.2
2015-09-16	230.98066	1119	1988
2015-09-15	230.51091	1102.6	1970
2015-09-14	229.15808	1107.7	1944
2015-09-11	240.56366	1103.3	1950.3
2015-09-10	237.99466	1109.3	1949.6
2015-09-09	244.31383	1102	1942.7
2015-09-08	242.01891	1121	1965.7
2015-09-04	227.14741	1121.4	1921.7
2015-09-03	228.35299	1124.5	1946.1
2015-09-02	226.28841	1133.6	1947.1
2015-09-01	229.02966	1139.8	1915.9
2015-08-31	227.18083	1132.5	1969.2
2015-08-28	224.18875	1134	1989.7
2015-08-27	224.53608	1122.6	1989.3
2015-08-26	219.81583	1124.6	1938.1
2015-08-25	203.18133	1138.3	1872.8
2015-08-24	227.23233	1153.6	1871.2
2015-08-21	234.56375	1159.6	1971.4
2015-08-20	232.06483	1153.2	2025.4
2015-08-19	230.38424	1127.9	2072.7
2015-08-18	256.44841	1116.9	2093.9
2015-08-17	258.0065	1118.4	2099.3
2015-08-14	262.01758	1112.7	2089.4
2015-08-13	264.14299	1115.6	2080.5
2015-08-12	270.22325	1123.6	2084.2
2015-08-11	264.87516	1107.7	2079.7
2015-08-10	265.0825	1104.1	2099.8
2015-08-07	275.92866	1094.1	2073.6
2015-08-06	280.9375	1090.1	2079.5
2015-08-05	284.24366	1085.6	2093.8
2015-08-04	283.49091	1090.7	2082.9
2015-08-03	279.48591	1089.4	2090.9
2015-07-31	286.74491	1095.1	2098.4
2015-07-30	288.61658	1088.7	2103.7
2015-07-29	292.99425	1093.3	2101.5
2015-07-28	293.15058	1096.7	2087.2
2015-07-27	291.20091	1096.9	2064.4
2015-07-24	276.24491	1085.5	2077.6
2015-07-23	276.2095	1094.1	2098.5
2015-07-22	274.87242	1091.5	2107.9
2015-07-21	279.45925	1103.5	2114.4
2015-07-20	274.28387	1106.8	2121.9
2015-07-17	276.97924	1131.9	2118.8
2015-07-16	287.55762	1143.9	2116.9
2015-07-15	288.48787	1147.4	2104.2
2015-07-14	290.93137	1153.5	2102.1
2015-07-13	304.9905	1155.4	2094.4
2015-07-10	269.24925	1157.9	2069
2015-07-09	267.943	1159.2	2041.2
2015-07-08	264.356	1163.5	2039.2
2015-07-07	270.07587	1152.6	2073.7
2015-07-06	267.60762	1173.2	2064.6
2015-07-02	259.62937	1163.5	2068.8
2015-07-01	261.71749	1169.3	2070.9
2015-06-30	258.38549	1171.8	2054.4
2015-06-29	249.42725	1179	2050.5
2015-06-26	242.31912	1173.2	2095.7
2015-06-25	240.9204	1171.8	2093.9
2015-06-24	243.371	1172.9	2099.4
2015-06-23	247.1273	1176.6	2116.4
2015-06-22	244.9588	1184.1	2112.8
2015-06-19	249.0733	1201.9	2097.7
2015-06-18	247.2359	1202	2114.7
2015-06-17	248.7435	1176.8	2089.2
2015-06-16	237.39899	1180.9	2089
2015-06-15	234.7473	1185.8	2075.6
2015-06-12	229.9082	1179.2	2084.9
2015-06-11	229.9599	1180.4	2109.2
2015-06-10	229.2025	1186.6	2106.9
2015-06-09	228.1884	1177.6	2080.1
2015-06-08	223.69459	1173.6	2078.2
2015-06-05	223.9665	1168.1	2092.2
2015-06-04	225.444	1175.2	2098.9
2015-06-03	226.6168	1184.9	2116
2015-06-02	223.415	1194.4	2106.7
2015-06-01	230.8331	1188.7	2109.2
2015-05-29	237.2277	1189.8	2106
2015-05-28	237.6708	1188.8	2121.7
2015-05-27	237.1844	1186.5	2120.9
2015-05-26	237.6588	1187.8	2104.9
2015-05-22	235.86329	1204	2124.6
2015-05-21	234.204	1204.1	2128
2015-05-20	232.7193	1208.7	2122.5
2015-05-19	233.3119	1206.7	2124.6
2015-05-18	236.2319	1227.6	2125.9
2015-05-15	237.5737	1225.3	2118.9
2015-05-14	235.5478	1225.2	2117.6
2015-05-13	241.3529	1218.2	2094.5
2015-05-12	240.00079	1192.4	2095
2015-05-11	239.4036	1183	2097.8
2015-05-08	237.059	1188.9	2108.4
2015-05-07	230.4207	1182.2	2084.2
2015-05-06	235.6017	1190.3	2074.2
2015-05-05	235.6033	1193.2	2084
2015-05-04	240.3646	1186.8	2109.3
2015-05-01	236.6827	1174.5	2101.6
2015-04-30	225.9976	1182.4	2078.9
2015-04-29	225.3545	1210	2099
2015-04-28	227.3867	1213.9	2112
2015-04-27	219.19029	1203.2	2104.7
2015-04-24	233.40079	1175	2111.7
2015-04-23	234.15749	1194.3	2106.9
2015-04-22	235.50369	1186.9	2100.2
2015-04-21	224.9815	1203.1	2091
2015-04-20	223.9214	1193.7	2091
2015-04-17	227.9255	1203.1	2075.5
2015-04-16	226.0171	1198	2100.8
2015-04-15	220.9126	1201.3	2099.8
2015-04-14	222.6009	1192.6	2090.9
2015-04-13	235.522	1199.3	2086.5
2015-04-10	240.9478	1204.6	2095.5
2015-04-09	244.0449	1193.6	2085.7
2015-04-08	252.8629	1203.1	2075.9
2015-04-07	252.0909	1210.6	2067.8
2015-04-06	260.3589	1218.6	2073.2
2015-04-02	246.96	1200.9	2059.5
2015-04-01	243.3028	1208.2	2053.1
2015-03-31	247.2639	1183.2	2060.8
2015-03-30	245.1133	1185.3	2075.6
2015-03-27	246.5497	1200.7	2052.6
2015-03-26	245.6489	1205.7	2048.5
2015-03-25	246.6733	1197	2053.8
2015-03-24	265.273	1191.4	2084.9
2015-03-23	267.5549	1187.7	2094.8
2015-03-20	263.4741	1184.6	2099.2
2015-03-19	252.44789	1169	2081.6
2015-03-18	283.7507	1151.3	2092.6
